"trainer/global_step","lightgen-pointuv_256res_batch32 - lr-AdamW","lightgen-pointuv_256res_batch32 - lr-AdamW__MIN","lightgen-pointuv_256res_batch32 - lr-AdamW__MAX","lightgen-pointuv_256res_batch32 - _step","lightgen-pointuv_256res_batch32 - _step__MIN","lightgen-pointuv_256res_batch32 - _step__MAX"
"0","0.0004937149282408922","0.0004937149282408922","0.0004937149282408922","5382","5382","5382"
"5","0.0004933963567188048","0.0004933963567188048","0.0004933963567188048","5467","5467","5467"
"8","0.0004926606267436178","0.0004926606267436178","0.0004926606267436178","5780","5780","5780"
"13","0.0004923170652940412","0.0004923170652940412","0.0004923170652940412","5865","5865","5865"
"16","0.0004915259268755012","0.0004915259268755012","0.0004915259268755012","6178","6178","6178"
"21","0.0004911574895623141","0.0004911574895623141","0.0004911574895623141","6263","6263","6263"
"24","0.0004903112053617905","0.0004903112053617905","0.0004903112053617905","6576","6576","6576"
"29","0.0004899180145077668","0.0004899180145077668","0.0004899180145077668","6661","6661","6661"
"32","0.0004890168654952363","0.0004890168654952363","0.0004890168654952363","6974","6974","6974"
"37","0.0004885990516414099","0.0004885990516414099","0.0004885990516414099","7059","7059","7059"
"40","0.00048764333700224074","0.00048764333700224074","0.00048764333700224074","7372","7372","7372"
"45","0.000487201038864658","0.000487201038864658","0.000487201038864658","7457","7457","7457"
"49","0.0004999999881752369","0.0004999999881752369","0.0004999999881752369","34","34","34"
"99","0.0004999999517307375","0.0004999999517307375","0.0004999999517307375","39","39","39"
"149","0.0004999998906615797","0.0004999998906615797","0.0004999998906615797","44","44","44"
"199","0.0004999998049677703","0.0004999998049677703","0.0004999998049677703","48","48","48"
"249","0.000499999694649317","0.000499999694649317","0.000499999694649317","53","53","53"
"299","0.0004999995597062312","0.0004999995597062312","0.0004999995597062312","58","58","58"
"349","0.0004999994001385264","0.0004999994001385264","0.0004999994001385264","63","63","63"
"399","0.0004999992159462178","0.0004999992159462178","0.0004999992159462178","67","67","67"
"449","0.0004999990071293234","0.0004999990071293234","0.0004999990071293234","72","72","72"
"499","0.0004999987736878646","0.0004999987736878646","0.0004999987736878646","77","77","77"
"549","0.0004999985156218638","0.0004999985156218638","0.0004999985156218638","81","81","81"
"599","0.0004999982329313468","0.0004999982329313468","0.0004999982329313468","86","86","86"
"649","0.0004999979256163413","0.0004999979256163413","0.0004999979256163413","91","91","91"
"699","0.0004999975936768779","0.0004999975936768779","0.0004999975936768779","96","96","96"
"749","0.0004999972371129895","0.0004999972371129895","0.0004999972371129895","100","100","100"
"799","0.0004999968559247104","0.0004999968559247104","0.0004999968559247104","105","105","105"
"849","0.0004999964501120792","0.0004999964501120792","0.0004999964501120792","110","110","110"
"899","0.0004999960196751358","0.0004999960196751358","0.0004999960196751358","115","115","115"
"949","0.0004999955646139218","0.0004999955646139218","0.0004999955646139218","119","119","119"
"999","0.0004999950849284837","0.0004999950849284837","0.0004999950849284837","124","124","124"
"1049","0.0004999945806188676","0.0004999945806188676","0.0004999945806188676","129","129","129"
"1099","0.0004999940516851232","0.0004999940516851232","0.0004999940516851232","133","133","133"
"1149","0.0004999934981273032","0.0004999934981273032","0.0004999934981273032","138","138","138"
"1199","0.0004999929199454625","0.0004999929199454625","0.0004999929199454625","143","143","143"
"1249","0.0004999923171396574","0.0004999923171396574","0.0004999923171396574","148","148","148"
"1299","0.0004999916897099483","0.0004999916897099483","0.0004999916897099483","152","152","152"
"1349","0.0004999910376563967","0.0004999910376563967","0.0004999910376563967","157","157","157"
"1399","0.0004999903609790669","0.0004999903609790669","0.0004999903609790669","162","162","162"
"1449","0.0004999896596780254","0.0004999896596780254","0.0004999896596780254","166","166","166"
"1499","0.0004999889337533414","0.0004999889337533414","0.0004999889337533414","171","171","171"
"1549","0.0004999881832050868","0.0004999881832050868","0.0004999881832050868","176","176","176"
"1599","0.0004999874080333358","0.0004999874080333358","0.0004999874080333358","181","181","181"
"1649","0.0004999866082381647","0.0004999866082381647","0.0004999866082381647","185","185","185"
"1699","0.0004999857838196521","0.0004999857838196521","0.0004999857838196521","190","190","190"
"1749","0.0004999849347778802","0.0004999849347778802","0.0004999849347778802","195","195","195"
"1799","0.0004999840611129322","0.0004999840611129322","0.0004999840611129322","200","200","200"
"1849","0.0004999831628248948","0.0004999831628248948","0.0004999831628248948","204","204","204"
"1899","0.0004999822399138562","0.0004999822399138562","0.0004999822399138562","209","209","209"
"1949","0.0004999812923799081","0.0004999812923799081","0.0004999812923799081","214","214","214"
"1999","0.0004999803202231429","0.0004999803202231429","0.0004999803202231429","218","218","218"
"2049","0.0004999793234436575","0.0004999793234436575","0.0004999793234436575","223","223","223"
"2099","0.0004999783020415499","0.0004999783020415499","0.0004999783020415499","228","228","228"
"2149","0.0004999772560169213","0.0004999772560169213","0.0004999772560169213","233","233","233"
"2199","0.0004999761853698748","0.0004999761853698748","0.0004999761853698748","237","237","237"
"2249","0.0004999750901005156","0.0004999750901005156","0.0004999750901005156","242","242","242"
"2299","0.0004999739702089525","0.0004999739702089525","0.0004999739702089525","247","247","247"
"2349","0.0004999728256952953","0.0004999728256952953","0.0004999728256952953","252","252","252"
"2399","0.0004999716565596572","0.0004999716565596572","0.0004999716565596572","256","256","256"
"2449","0.0004999704628021538","0.0004999704628021538","0.0004999704628021538","261","261","261"
"2499","0.0004999692444229032","0.0004999692444229032","0.0004999692444229032","266","266","266"
"2549","0.0004999680014220249","0.0004999680014220249","0.0004999680014220249","270","270","270"
"2599","0.0004999667337996423","0.0004999667337996423","0.0004999667337996423","275","275","275"
"2649","0.00049996544155588","0.00049996544155588","0.00049996544155588","280","280","280"
"2699","0.0004999641246908657","0.0004999641246908657","0.0004999641246908657","285","285","285"
"2749","0.0004999627832047295","0.0004999627832047295","0.0004999627832047295","289","289","289"
"2799","0.0004999614170976036","0.0004999614170976036","0.0004999614170976036","294","294","294"
"2849","0.0004999600263696229","0.0004999600263696229","0.0004999600263696229","299","299","299"
"2899","0.0004999586110209247","0.0004999586110209247","0.0004999586110209247","303","303","303"
"2949","0.0004999571710516482","0.0004999571710516482","0.0004999571710516482","432","432","432"
"2999","0.0004999557064619365","0.0004999557064619365","0.0004999557064619365","437","437","437"
"3049","0.0004999542172519334","0.0004999542172519334","0.0004999542172519334","442","442","442"
"3099","0.0004999527034217858","0.0004999527034217858","0.0004999527034217858","446","446","446"
"3149","0.0004999511649716434","0.0004999511649716434","0.0004999511649716434","451","451","451"
"3199","0.0004999496019016586","0.0004999496019016586","0.0004999496019016586","456","456","456"
"3249","0.0004999480142119844","0.0004999480142119844","0.0004999480142119844","461","461","461"
"3299","0.0004999464019027784","0.0004999464019027784","0.0004999464019027784","465","465","465"
"3349","0.0004999447649742","0.0004999447649742","0.0004999447649742","470","470","470"
"3399","0.0004999431034264104","0.0004999431034264104","0.0004999431034264104","475","475","475"
"3449","0.0004999414172595736","0.0004999414172595736","0.0004999414172595736","479","479","479"
"3499","0.0004999397064738556","0.0004999397064738556","0.0004999397064738556","484","484","484"
"3549","0.0004999379710694256","0.0004999379710694256","0.0004999379710694256","489","489","489"
"3599","0.0004999362110464548","0.0004999362110464548","0.0004999362110464548","494","494","494"
"3649","0.0004999344264051168","0.0004999344264051168","0.0004999344264051168","498","498","498"
"3699","0.0004999326171455879","0.0004999326171455879","0.0004999326171455879","503","503","503"
"3749","0.0004999307832680467","0.0004999307832680467","0.0004999307832680467","508","508","508"
"3799","0.0004999289247726744","0.0004999289247726744","0.0004999289247726744","513","513","513"
"3849","0.0004999270416596541","0.0004999270416596541","0.0004999270416596541","517","517","517"
"3899","0.000499925133929172","0.000499925133929172","0.000499925133929172","522","522","522"
"3949","0.000499923201581416","0.000499923201581416","0.000499923201581416","527","527","527"
"3999","0.0004999212446165767","0.0004999212446165767","0.0004999212446165767","531","531","531"
"4049","0.0004999192630348473","0.0004999192630348473","0.0004999192630348473","536","536","536"
"4099","0.0004999172568364239","0.0004999172568364239","0.0004999172568364239","541","541","541"
"4149","0.0004999152260215035","0.0004999152260215035","0.0004999152260215035","546","546","546"
"4199","0.0004999131705902874","0.0004999131705902874","0.0004999131705902874","550","550","550"
"4249","0.0004999110905429786","0.0004999110905429786","0.0004999110905429786","555","555","555"
"4299","0.0004999089858797819","0.0004999089858797819","0.0004999089858797819","560","560","560"
"4349","0.0004999068566009053","0.0004999068566009053","0.0004999068566009053","564","564","564"
"4399","0.0004999047027065585","0.0004999047027065585","0.0004999047027065585","569","569","569"
"4449","0.0004999025241969545","0.0004999025241969545","0.0004999025241969545","574","574","574"
"4499","0.0004999003210723081","0.0004999003210723081","0.0004999003210723081","579","579","579"
"4549","0.000499898093332837","0.000499898093332837","0.000499898093332837","583","583","583"
"4599","0.0004998958409787609","0.0004998958409787609","0.0004998958409787609","588","588","588"
"4649","0.0004998935640103017","0.0004998935640103017","0.0004998935640103017","593","593","593"
"4699","0.000499891262427685","0.000499891262427685","0.000499891262427685","598","598","598"
"4749","0.000499888936231137","0.000499888936231137","0.000499888936231137","602","602","602"
"4799","0.0004998865854208878","0.0004998865854208878","0.0004998865854208878","607","607","607"
"4849","0.0004998842099971697","0.0004998842099971697","0.0004998842099971697","612","612","612"
"4899","0.0004998818099602168","0.0004998818099602168","0.0004998818099602168","616","616","616"
"4949","0.0004998793853102661","0.0004998793853102661","0.0004998793853102661","621","621","621"
"4999","0.0004998769360475567","0.0004998769360475567","0.0004998769360475567","626","626","626"
"5049","0.0004998744621723305","0.0004998744621723305","0.0004998744621723305","631","631","631"
"5099","0.0004998719636848315","0.0004998719636848315","0.0004998719636848315","635","635","635"
"5149","0.0004998694405853062","0.0004998694405853062","0.0004998694405853062","640","640","640"
"5199","0.0004998668928740044","0.0004998668928740044","0.0004998668928740044","645","645","645"
"5249","0.0004998643205511767","0.0004998643205511767","0.0004998643205511767","650","650","650"
"5299","0.0004998617236170771","0.0004998617236170771","0.0004998617236170771","654","654","654"
"5349","0.0004998591020719625","0.0004998591020719625","0.0004998591020719625","659","659","659"
"5399","0.0004998564559160906","0.0004998564559160906","0.0004998564559160906","664","664","664"
"5449","0.0004998537851497232","0.0004998537851497232","0.0004998537851497232","668","668","668"
"5499","0.0004998510897731241","0.0004998510897731241","0.0004998510897731241","673","673","673"
"5549","0.0004998483697865589","0.0004998483697865589","0.0004998483697865589","678","678","678"
"5599","0.0004998456251902965","0.0004998456251902965","0.0004998456251902965","683","683","683"
"5649","0.0004998428559846074","0.0004998428559846074","0.0004998428559846074","687","687","687"
"5699","0.0004998400621697648","0.0004998400621697648","0.0004998400621697648","692","692","692"
"5749","0.0004998372437460449","0.0004998372437460449","0.0004998372437460449","697","697","697"
"5799","0.0004998344007137253","0.0004998344007137253","0.0004998344007137253","701","701","701"
"5849","0.0004998315330730876","0.0004998315330730876","0.0004998315330730876","830","830","830"
"5899","0.0004998286408244135","0.0004998286408244135","0.0004998286408244135","835","835","835"
"5949","0.0004998257239679897","0.0004998257239679897","0.0004998257239679897","840","840","840"
"5999","0.000499822782504103","0.000499822782504103","0.000499822782504103","844","844","844"
"6049","0.0004998198164330441","0.0004998198164330441","0.0004998198164330441","849","849","849"
"6099","0.000499816825755106","0.000499816825755106","0.000499816825755106","854","854","854"
"6149","0.0004998138104705839","0.0004998138104705839","0.0004998138104705839","859","859","859"
"6199","0.0004998107705797754","0.0004998107705797754","0.0004998107705797754","863","863","863"
"6249","0.0004998077060829797","0.0004998077060829797","0.0004998077060829797","868","868","868"
"6299","0.0004998046169805003","0.0004998046169805003","0.0004998046169805003","873","873","873"
"6349","0.000499801503272641","0.000499801503272641","0.000499801503272641","877","877","877"
"6399","0.0004997983649597101","0.0004997983649597101","0.0004997983649597101","882","882","882"
"6449","0.0004997952020420167","0.0004997952020420167","0.0004997952020420167","887","887","887"
"6499","0.0004997920145198736","0.0004997920145198736","0.0004997920145198736","892","892","892"
"6549","0.0004997888023935952","0.0004997888023935952","0.0004997888023935952","896","896","896"
"6599","0.0004997855656634982","0.0004997855656634982","0.0004997855656634982","901","901","901"
"6649","0.0004997823043299024","0.0004997823043299024","0.0004997823043299024","906","906","906"
"6699","0.0004997790183931294","0.0004997790183931294","0.0004997790183931294","911","911","911"
"6749","0.000499775707853504","0.000499775707853504","0.000499775707853504","915","915","915"
"6799","0.0004997723727113527","0.0004997723727113527","0.0004997723727113527","920","920","920"
"6849","0.000499769012967004","0.000499769012967004","0.000499769012967004","925","925","925"
"6899","0.0004997656286207903","0.0004997656286207903","0.0004997656286207903","929","929","929"
"6949","0.000499762219673045","0.000499762219673045","0.000499762219673045","934","934","934"
"6999","0.000499758786124105","0.000499758786124105","0.000499758786124105","939","939","939"
"7049","0.0004997553279743093","0.0004997553279743093","0.0004997553279743093","944","944","944"
"7099","0.0004997518452239991","0.0004997518452239991","0.0004997518452239991","948","948","948"
"7149","0.0004997483378735175","0.0004997483378735175","0.0004997483378735175","953","953","953"
"7199","0.0004997448059232114","0.0004997448059232114","0.0004997448059232114","958","958","958"
"7249","0.0004997412493734294","0.0004997412493734294","0.0004997412493734294","962","962","962"
"7299","0.0004997376682245221","0.0004997376682245221","0.0004997376682245221","967","967","967"
"7349","0.0004997340624768431","0.0004997340624768431","0.0004997340624768431","972","972","972"
"7399","0.0004997304321307482","0.0004997304321307482","0.0004997304321307482","977","977","977"
"7449","0.0004997267771865957","0.0004997267771865957","0.0004997267771865957","981","981","981"
"7499","0.0004997230976447468","0.0004997230976447468","0.0004997230976447468","986","986","986"
"7549","0.0004997193935055642","0.0004997193935055642","0.0004997193935055642","991","991","991"
"7599","0.0004997156647694133","0.0004997156647694133","0.0004997156647694133","996","996","996"
"7649","0.0004997119114366625","0.0004997119114366625","0.0004997119114366625","1000","1000","1000"
"7699","0.0004997081335076823","0.0004997081335076823","0.0004997081335076823","1005","1005","1005"
"7749","0.000499704330982845","0.000499704330982845","0.000499704330982845","1010","1010","1010"
"7799","0.0004997005038625266","0.0004997005038625266","0.0004997005038625266","1014","1014","1014"
"7849","0.0004996966521471043","0.0004996966521471043","0.0004996966521471043","1019","1019","1019"
"7899","0.0004996927758369586","0.0004996927758369586","0.0004996927758369586","1024","1024","1024"
"7949","0.0004996888749324717","0.0004996888749324717","0.0004996888749324717","1029","1029","1029"
"7999","0.0004996849494340294","0.0004996849494340294","0.0004996849494340294","1033","1033","1033"
"8049","0.0004996809993420182","0.0004996809993420182","0.0004996809993420182","1038","1038","1038"
"8099","0.0004996770246568288","0.0004996770246568288","0.0004996770246568288","1043","1043","1043"
"8149","0.0004996730253788523","0.0004996730253788523","0.0004996730253788523","1048","1048","1048"
"8199","0.0004996690015084844","0.0004996690015084844","0.0004996690015084844","1052","1052","1052"
"8249","0.0004996649530461223","0.0004996649530461223","0.0004996649530461223","1057","1057","1057"
"8299","0.0004996608799921649","0.0004996608799921649","0.0004996608799921649","1062","1062","1062"
"8349","0.0004996567823470148","0.0004996567823470148","0.0004996567823470148","1066","1066","1066"
"8399","0.0004996526601110758","0.0004996526601110758","0.0004996526601110758","1071","1071","1071"
"8449","0.0004996485132847552","0.0004996485132847552","0.0004996485132847552","1076","1076","1076"
"8499","0.0004996443418684623","0.0004996443418684623","0.0004996443418684623","1081","1081","1081"
"8549","0.0004996401458626083","0.0004996401458626083","0.0004996401458626083","1085","1085","1085"
"8599","0.0004996359252676083","0.0004996359252676083","0.0004996359252676083","1090","1090","1090"
"8649","0.0004996316800838778","0.0004996316800838778","0.0004996316800838778","1095","1095","1095"
"8699","0.000499627410311836","0.000499627410311836","0.000499627410311836","1099","1099","1099"
"8749","0.0004996231159519047","0.0004996231159519047","0.0004996231159519047","1228","1228","1228"
"8799","0.000499618797004508","0.000499618797004508","0.000499618797004508","1233","1233","1233"
"8849","0.0004996144534700718","0.0004996144534700718","0.0004996144534700718","1238","1238","1238"
"8899","0.0004996100853490242","0.0004996100853490242","0.0004996100853490242","1242","1242","1242"
"8949","0.0004996056926417973","0.0004996056926417973","0.0004996056926417973","1247","1247","1247"
"8999","0.0004996012753488242","0.0004996012753488242","0.0004996012753488242","1252","1252","1252"
"9049","0.0004995968334705401","0.0004995968334705401","0.0004995968334705401","1257","1257","1257"
"9099","0.0004995923670073848","0.0004995923670073848","0.0004995923670073848","1261","1261","1261"
"9149","0.0004995878759597984","0.0004995878759597984","0.0004995878759597984","1266","1266","1266"
"9199","0.0004995833603282239","0.0004995833603282239","0.0004995833603282239","1271","1271","1271"
"9249","0.0004995788201131077","0.0004995788201131077","0.0004995788201131077","1275","1275","1275"
"9299","0.0004995742553148971","0.0004995742553148971","0.0004995742553148971","1280","1280","1280"
"9349","0.0004995696659340435","0.0004995696659340435","0.0004995696659340435","1285","1285","1285"
"9399","0.0004995650519709997","0.0004995650519709997","0.0004995650519709997","1290","1290","1290"
"9449","0.0004995604134262205","0.0004995604134262205","0.0004995604134262205","1294","1294","1294"
"9499","0.0004995557503001644","0.0004995557503001644","0.0004995557503001644","1299","1299","1299"
"9549","0.0004995510625932909","0.0004995510625932909","0.0004995510625932909","1304","1304","1304"
"9599","0.0004995463503060628","0.0004995463503060628","0.0004995463503060628","1309","1309","1309"
"9649","0.0004995416134389455","0.0004995416134389455","0.0004995416134389455","1313","1313","1313"
"9699","0.0004995368519924061","0.0004995368519924061","0.0004995368519924061","1318","1318","1318"
"9749","0.0004995320659669148","0.0004995320659669148","0.0004995320659669148","1323","1323","1323"
"9799","0.0004995272553629443","0.0004995272553629443","0.0004995272553629443","1327","1327","1327"
"9849","0.0004995224201809687","0.0004995224201809687","0.0004995224201809687","1332","1332","1332"
"9899","0.0004995175604214656","0.0004995175604214656","0.0004995175604214656","1337","1337","1337"
"9949","0.0004995126760849149","0.0004995126760849149","0.0004995126760849149","1342","1342","1342"
"9999","0.0004995077671717976","0.0004995077671717976","0.0004995077671717976","1346","1346","1346"
"10049","0.0004995028336825995","0.0004995028336825995","0.0004995028336825995","1351","1351","1351"
"10099","0.0004994978756178068","0.0004994978756178068","0.0004994978756178068","1356","1356","1356"
"10149","0.0004994928929779089","0.0004994928929779089","0.0004994928929779089","1360","1360","1360"
"10199","0.0004994878857633979","0.0004994878857633979","0.0004994878857633979","1365","1365","1365"
"10249","0.0004994828539747677","0.0004994828539747677","0.0004994828539747677","1370","1370","1370"
"10299","0.0004994777976125152","0.0004994777976125152","0.0004994777976125152","1375","1375","1375"
"10349","0.0004994727166771396","0.0004994727166771396","0.0004994727166771396","1379","1379","1379"
"10399","0.0004994676111691412","0.0004994676111691412","0.0004994676111691412","1384","1384","1384"
"10449","0.000499462481089025","0.000499462481089025","0.000499462481089025","1389","1389","1389"
"10499","0.0004994573264372968","0.0004994573264372968","0.0004994573264372968","1394","1394","1394"
"10549","0.0004994521472144656","0.0004994521472144656","0.0004994521472144656","1398","1398","1398"
"10599","0.0004994469434210427","0.0004994469434210427","0.0004994469434210427","1403","1403","1403"
"10649","0.000499441715057542","0.000499441715057542","0.000499441715057542","1408","1408","1408"
"10699","0.0004994364621244786","0.0004994364621244786","0.0004994364621244786","1412","1412","1412"
"10749","0.0004994311846223709","0.0004994311846223709","0.0004994311846223709","1417","1417","1417"
"10799","0.000499425882551741","0.000499425882551741","0.000499425882551741","1422","1422","1422"
"10849","0.0004994205559131112","0.0004994205559131112","0.0004994205559131112","1427","1427","1427"
"10899","0.0004994152047070078","0.0004994152047070078","0.0004994152047070078","1431","1431","1431"
"10949","0.000499409828933958","0.000499409828933958","0.000499409828933958","1436","1436","1436"
"10999","0.0004994044285944931","0.0004994044285944931","0.0004994044285944931","1441","1441","1441"
"11049","0.000499399003689146","0.000499399003689146","0.000499399003689146","1446","1446","1446"
"11099","0.0004993935542184525","0.0004993935542184525","0.0004993935542184525","1450","1450","1450"
"11149","0.0004993880801829499","0.0004993880801829499","0.0004993880801829499","1455","1455","1455"
"11199","0.0004993825815831782","0.0004993825815831782","0.0004993825815831782","1460","1460","1460"
"11249","0.0004993770584196805","0.0004993770584196805","0.0004993770584196805","1464","1464","1464"
"11299","0.0004993715106930021","0.0004993715106930021","0.0004993715106930021","1469","1469","1469"
"11349","0.0004993659384036901","0.0004993659384036901","0.0004993659384036901","1474","1474","1474"
"11399","0.0004993603415522949","0.0004993603415522949","0.0004993603415522949","1479","1479","1479"
"11449","0.0004993547201393687","0.0004993547201393687","0.0004993547201393687","1483","1483","1483"
"11499","0.000499349074165466","0.000499349074165466","0.000499349074165466","1488","1488","1488"
"11549","0.0004993434036311446","0.0004993434036311446","0.0004993434036311446","1493","1493","1493"
"11599","0.0004993377085369639","0.0004993377085369639","0.0004993377085369639","1497","1497","1497"
"11649","0.000499331988883486","0.000499331988883486","0.000499331988883486","1626","1626","1626"
"11699","0.0004993262446712756","0.0004993262446712756","0.0004993262446712756","1631","1631","1631"
"11749","0.0004993204759008991","0.0004993204759008991","0.0004993204759008991","1636","1636","1636"
"11799","0.0004993146825729259","0.0004993146825729259","0.0004993146825729259","1640","1640","1640"
"11849","0.000499308864687928","0.000499308864687928","0.000499308864687928","1645","1645","1645"
"11899","0.0004993030222464796","0.0004993030222464796","0.0004993030222464796","1650","1650","1650"
"11949","0.0004992971552491578","0.0004992971552491578","0.0004992971552491578","1655","1655","1655"
"11999","0.000499291263696541","0.000499291263696541","0.000499291263696541","1659","1659","1659"
"12049","0.0004992853475892109","0.0004992853475892109","0.0004992853475892109","1664","1664","1664"
"12099","0.0004992794069277511","0.0004992794069277511","0.0004992794069277511","1669","1669","1669"
"12149","0.0004992734417127487","0.0004992734417127487","0.0004992734417127487","1673","1673","1673"
"12199","0.000499267451944791","0.000499267451944791","0.000499267451944791","1678","1678","1678"
"12249","0.0004992614376244711","0.0004992614376244711","0.0004992614376244711","1683","1683","1683"
"12299","0.0004992553987523819","0.0004992553987523819","0.0004992553987523819","1688","1688","1688"
"12349","0.0004992493353291191","0.0004992493353291191","0.0004992493353291191","1692","1692","1692"
"12399","0.0004992432473552809","0.0004992432473552809","0.0004992432473552809","1697","1697","1697"
"12449","0.0004992371348314682","0.0004992371348314682","0.0004992371348314682","1702","1702","1702"
"12499","0.0004992309977582844","0.0004992309977582844","0.0004992309977582844","1707","1707","1707"
"12549","0.0004992248361363355","0.0004992248361363355","0.0004992248361363355","1711","1711","1711"
"12599","0.0004992186499662288","0.0004992186499662288","0.0004992186499662288","1716","1716","1716"
"12649","0.0004992124392485761","0.0004992124392485761","0.0004992124392485761","1721","1721","1721"
"12699","0.000499206203983989","0.000499206203983989","0.000499206203983989","1725","1725","1725"
"12749","0.0004991999441730843","0.0004991999441730843","0.0004991999441730843","1730","1730","1730"
"12799","0.000499193659816479","0.000499193659816479","0.000499193659816479","1735","1735","1735"
"12849","0.0004991873509147939","0.0004991873509147939","0.0004991873509147939","1740","1740","1740"
"12899","0.0004991810174686506","0.0004991810174686506","0.0004991810174686506","1744","1744","1744"
"12949","0.0004991746594786755","0.0004991746594786755","0.0004991746594786755","1749","1749","1749"
"12999","0.0004991682769454949","0.0004991682769454949","0.0004991682769454949","1754","1754","1754"
"13049","0.0004991618698697388","0.0004991618698697388","0.0004991618698697388","1758","1758","1758"
"13099","0.0004991554382520411","0.0004991554382520411","0.0004991554382520411","1763","1763","1763"
"13149","0.0004991489820930356","0.0004991489820930356","0.0004991489820930356","1768","1768","1768"
"13199","0.0004991425013933589","0.0004991425013933589","0.0004991425013933589","1773","1773","1773"
"13249","0.0004991359961536512","0.0004991359961536512","0.0004991359961536512","1777","1777","1777"
"13299","0.0004991294663745546","0.0004991294663745546","0.0004991294663745546","1782","1782","1782"
"13349","0.0004991229120567137","0.0004991229120567137","0.0004991229120567137","1787","1787","1787"
"13399","0.0004991163332007752","0.0004991163332007752","0.0004991163332007752","1792","1792","1792"
"13449","0.0004991097298073879","0.0004991097298073879","0.0004991097298073879","1796","1796","1796"
"13499","0.0004991031018772038","0.0004991031018772038","0.0004991031018772038","1801","1801","1801"
"13549","0.0004990964494108776","0.0004990964494108776","0.0004990964494108776","1806","1806","1806"
"13599","0.0004990897724090652","0.0004990897724090652","0.0004990897724090652","1810","1810","1810"
"13649","0.0004990830708724259","0.0004990830708724259","0.0004990830708724259","1815","1815","1815"
"13699","0.0004990763448016212","0.0004990763448016212","0.0004990763448016212","1820","1820","1820"
"13749","0.0004990695941973149","0.0004990695941973149","0.0004990695941973149","1825","1825","1825"
"13799","0.0004990628190601738","0.0004990628190601738","0.0004990628190601738","1829","1829","1829"
"13849","0.0004990560193908656","0.0004990560193908656","0.0004990560193908656","1834","1834","1834"
"13899","0.0004990491951900621","0.0004990491951900621","0.0004990491951900621","1839","1839","1839"
"13949","0.000499042346458436","0.000499042346458436","0.000499042346458436","1844","1844","1844"
"13999","0.0004990354731966639","0.0004990354731966639","0.0004990354731966639","1848","1848","1848"
"14049","0.0004990285754054237","0.0004990285754054237","0.0004990285754054237","1853","1853","1853"
"14099","0.0004990216530853962","0.0004990216530853962","0.0004990216530853962","1858","1858","1858"
"14149","0.0004990147062372654","0.0004990147062372654","0.0004990147062372654","1862","1862","1862"
"14199","0.0004990077348617161","0.0004990077348617161","0.0004990077348617161","1867","1867","1867"
"14249","0.0004990007389594372","0.0004990007389594372","0.0004990007389594372","1872","1872","1872"
"14299","0.0004989937185311184","0.0004989937185311184","0.0004989937185311184","1877","1877","1877"
"14349","0.0004989866735774524","0.0004989866735774524","0.0004989866735774524","1881","1881","1881"
"14399","0.0004989796040991351","0.0004989796040991351","0.0004989796040991351","1886","1886","1886"
"14449","0.000498972510096864","0.000498972510096864","0.000498972510096864","1891","1891","1891"
"14499","0.0004989653915713395","0.0004989653915713395","0.0004989653915713395","1895","1895","1895"
"14549","0.0004989582485232638","0.0004989582485232638","0.0004989582485232638","2186","2024","2348"
"14599","0.0004989510809533422","0.0004989510809533422","0.0004989510809533422","2191","2029","2353"
"14649","0.0004989438888622823","0.0004989438888622823","0.0004989438888622823","2196","2034","2358"
"14699","0.000498936672250793","0.000498936672250793","0.000498936672250793","2200","2038","2362"
"14749","0.0004989294311195875","0.0004989294311195875","0.0004989294311195875","2205","2043","2367"
"14799","0.0004989221654693801","0.0004989221654693801","0.0004989221654693801","2210","2048","2372"
"14849","0.0004989148753008887","0.0004989148753008887","0.0004989148753008887","2215","2053","2377"
"14899","0.0004989075606148312","0.0004989075606148312","0.0004989075606148312","2219","2057","2381"
"14949","0.0004989002214119302","0.0004989002214119302","0.0004989002214119302","2224","2062","2386"
"14999","0.0004988928576929102","0.0004988928576929102","0.0004988928576929102","2229","2067","2391"
"15049","0.0004988854694584986","0.0004988854694584986","0.0004988854694584986","2233","2071","2395"
"15099","0.0004988780567094241","0.0004988780567094241","0.0004988780567094241","2238","2076","2400"
"15149","0.000498870619446418","0.000498870619446418","0.000498870619446418","2243","2081","2405"
"15199","0.0004988631576702143","0.0004988631576702143","0.0004988631576702143","2248","2086","2410"
"15249","0.0004988556713815495","0.0004988556713815495","0.0004988556713815495","2252","2090","2414"
"15299","0.0004988481605811629","0.0004988481605811629","0.0004988481605811629","2257","2095","2419"
"15349","0.0004988406252697958","0.0004988406252697958","0.0004988406252697958","2262","2100","2424"
"15399","0.0004988330654481911","0.0004988330654481911","0.0004988330654481911","2267","2105","2429"
"15449","0.0004988254811170953","0.0004988254811170953","0.0004988254811170953","2271","2109","2433"
"15499","0.0004988178722772573","0.0004988178722772573","0.0004988178722772573","2276","2114","2438"
"15549","0.0004988102389294277","0.0004988102389294277","0.0004988102389294277","2281","2119","2443"
"15599","0.0004988025810743604","0.0004988025810743604","0.0004988025810743604","2285","2123","2447"
"15649","0.0004987948987128108","0.0004987948987128108","0.0004987948987128108","2290","2128","2452"
"15699","0.0004987871918455365","0.0004987871918455365","0.0004987871918455365","2295","2133","2457"
"15749","0.0004987794604732997","0.0004987794604732997","0.0004987794604732997","2300","2138","2462"
"15799","0.000498771704596862","0.000498771704596862","0.000498771704596862","2304","2142","2466"
"15849","0.0004987639242169894","0.0004987639242169894","0.0004987639242169894","2309","2147","2471"
"15899","0.00049875611933445","0.00049875611933445","0.00049875611933445","2314","2152","2476"
"15949","0.0004987482899500135","0.0004987482899500135","0.0004987482899500135","2318","2156","2480"
"15999","0.0004987404360644538","0.0004987404360644538","0.0004987404360644538","2323","2161","2485"
"16049","0.0004987325576785446","0.0004987325576785446","0.0004987325576785446","2328","2166","2490"
"16099","0.0004987246547930646","0.0004987246547930646","0.0004987246547930646","2333","2171","2495"
"16149","0.0004987167274087935","0.0004987167274087935","0.0004987167274087935","2337","2175","2499"
"16199","0.0004987087755265131","0.0004987087755265131","0.0004987087755265131","2342","2180","2504"
"16249","0.0004987007991470087","0.0004987007991470087","0.0004987007991470087","2347","2185","2509"
"16299","0.0004986927982710675","0.0004986927982710675","0.0004986927982710675","2352","2190","2514"
"16349","0.0004986847728994794","0.0004986847728994794","0.0004986847728994794","2356","2194","2518"
"16399","0.000498676723033036","0.000498676723033036","0.000498676723033036","2361","2199","2523"
"16449","0.0004986686486725323","0.0004986686486725323","0.0004986686486725323","2366","2204","2528"
"16499","0.0004986605498187651","0.0004986605498187651","0.0004986605498187651","2370","2208","2532"
"16549","0.0004986524264725331","0.0004986524264725331","0.0004986524264725331","2375","2213","2537"
"16599","0.0004986442786346385","0.0004986442786346385","0.0004986442786346385","2380","2218","2542"
"16649","0.0004986361063058853","0.0004986361063058853","0.0004986361063058853","2385","2223","2547"
"16699","0.0004986279094870803","0.0004986279094870803","0.0004986279094870803","2389","2227","2551"
"16749","0.0004986196881790329","0.0004986196881790329","0.0004986196881790329","2394","2232","2556"
"16799","0.000498611442382554","0.000498611442382554","0.000498611442382554","2399","2237","2561"
"16849","0.0004986031720984571","0.0004986031720984571","0.0004986031720984571","2404","2242","2566"
"16899","0.0004985948773275592","0.0004985948773275592","0.0004985948773275592","2408","2246","2570"
"16949","0.0004985865580706782","0.0004985865580706782","0.0004985865580706782","2413","2251","2575"
"16999","0.0004985782143286355","0.0004985782143286355","0.0004985782143286355","2418","2256","2580"
"17049","0.0004985698461022549","0.0004985698461022549","0.0004985698461022549","2422","2260","2584"
"17099","0.0004985614533923624","0.0004985614533923624","0.0004985614533923624","2427","2265","2589"
"17149","0.0004985530361997854","0.0004985530361997854","0.0004985530361997854","2432","2270","2594"
"17199","0.0004985445945253552","0.0004985445945253552","0.0004985445945253552","2437","2275","2599"
"17249","0.0004985361283699054","0.0004985361283699054","0.0004985361283699054","2441","2279","2603"
"17299","0.000498527637734271","0.000498527637734271","0.000498527637734271","2446","2284","2608"
"17349","0.0004985191226192902","0.0004985191226192902","0.0004985191226192902","2451","2289","2613"
"17399","0.0004985105830258036","0.0004985105830258036","0.0004985105830258036","2455","2293","2617"
"17449","0.0004985020189546537","0.0004985020189546537","0.0004985020189546537","2746","2746","2746"
"17499","0.0004984934304066857","0.0004984934304066857","0.0004984934304066857","2751","2751","2751"
"17549","0.000498484817382747","0.000498484817382747","0.000498484817382747","2756","2756","2756"
"17599","0.0004984761798836881","0.0004984761798836881","0.0004984761798836881","2760","2760","2760"
"17649","0.0004984675179103617","0.0004984675179103617","0.0004984675179103617","2765","2765","2765"
"17699","0.0004984588314636224","0.0004984588314636224","0.0004984588314636224","2770","2770","2770"
"17749","0.0004984501205443277","0.0004984501205443277","0.0004984501205443277","2775","2775","2775"
"17799","0.0004984413851533368","0.0004984413851533368","0.0004984413851533368","2779","2779","2779"
"17849","0.0004984326252915125","0.0004984326252915125","0.0004984326252915125","2784","2784","2784"
"17899","0.0004984238409597195","0.0004984238409597195","0.0004984238409597195","2789","2789","2789"
"17949","0.0004984150321588241","0.0004984150321588241","0.0004984150321588241","2793","2793","2793"
"17999","0.000498406198889696","0.000498406198889696","0.000498406198889696","2798","2798","2798"
"18049","0.0004983973411532066","0.0004983973411532066","0.0004983973411532066","2803","2803","2803"
"18099","0.0004983884589502307","0.0004983884589502307","0.0004983884589502307","2808","2808","2808"
"18149","0.0004983795522816449","0.0004983795522816449","0.0004983795522816449","2812","2812","2812"
"18199","0.0004983706211483277","0.0004983706211483277","0.0004983706211483277","2817","2817","2817"
"18249","0.0004983616655511618","0.0004983616655511618","0.0004983616655511618","2822","2822","2822"
"18299","0.0004983526854910299","0.0004983526854910299","0.0004983526854910299","2827","2827","2827"
"18349","0.0004983436809688183","0.0004983436809688183","0.0004983436809688183","2831","2831","2831"
"18399","0.0004983346519854163","0.0004983346519854163","0.0004983346519854163","2836","2836","2836"
"18449","0.0004983255985417141","0.0004983255985417141","0.0004983255985417141","2841","2841","2841"
"18499","0.0004983165206386065","0.0004983165206386065","0.0004983165206386065","2845","2845","2845"
"18549","0.0004983074182769888","0.0004983074182769888","0.0004983074182769888","2850","2850","2850"
"18599","0.0004982982914577594","0.0004982982914577594","0.0004982982914577594","2855","2855","2855"
"18649","0.0004982891401818191","0.0004982891401818191","0.0004982891401818191","2860","2860","2860"
"18699","0.0004982799644500713","0.0004982799644500713","0.0004982799644500713","2864","2864","2864"
"18749","0.000498270764263421","0.000498270764263421","0.000498270764263421","2869","2869","2869"
"18799","0.0004982615396227771","0.0004982615396227771","0.0004982615396227771","2874","2874","2874"
"18849","0.0004982522905290494","0.0004982522905290494","0.0004982522905290494","2878","2878","2878"
"18899","0.000498243016983151","0.000498243016983151","0.000498243016983151","2883","2883","2883"
"18949","0.000498233718985997","0.000498233718985997","0.000498233718985997","2888","2888","2888"
"18999","0.0004982243965385055","0.0004982243965385055","0.0004982243965385055","2893","2893","2893"
"19049","0.0004982150496415962","0.0004982150496415962","0.0004982150496415962","2897","2897","2897"
"19099","0.0004982056782961915","0.0004982056782961915","0.0004982056782961915","2902","2902","2902"
"19149","0.0004981962825032165","0.0004981962825032165","0.0004981962825032165","2907","2907","2907"
"19199","0.0004981868622635987","0.0004981868622635987","0.0004981868622635987","2912","2912","2912"
"19249","0.0004981774175782673","0.0004981774175782673","0.0004981774175782673","2916","2916","2916"
"19299","0.000498167948448155","0.000498167948448155","0.000498167948448155","2921","2921","2921"
"19349","0.0004981584548741957","0.0004981584548741957","0.0004981584548741957","2926","2926","2926"
"19399","0.0004981489368573269","0.0004981489368573269","0.0004981489368573269","2930","2930","2930"
"19449","0.0004981393943984884","0.0004981393943984884","0.0004981393943984884","2935","2935","2935"
"19499","0.0004981298274986214","0.0004981298274986214","0.0004981298274986214","2940","2940","2940"
"19549","0.0004981202361586702","0.0004981202361586702","0.0004981202361586702","2945","2945","2945"
"19599","0.0004981106203795818","0.0004981106203795818","0.0004981106203795818","2949","2949","2949"
"19649","0.0004981009801623047","0.0004981009801623047","0.0004981009801623047","2954","2954","2954"
"19699","0.0004980913155077908","0.0004980913155077908","0.0004980913155077908","2959","2959","2959"
"19749","0.0004980816264169937","0.0004980816264169937","0.0004980816264169937","2964","2964","2964"
"19799","0.0004980719128908694","0.0004980719128908694","0.0004980719128908694","2968","2968","2968"
"19849","0.0004980621749303771","0.0004980621749303771","0.0004980621749303771","2973","2973","2973"
"19899","0.0004980524125364775","0.0004980524125364775","0.0004980524125364775","2978","2978","2978"
"19949","0.0004980426257101345","0.0004980426257101345","0.0004980426257101345","2982","2982","2982"
"19999","0.0004980328144523138","0.0004980328144523138","0.0004980328144523138","2987","2987","2987"
"20049","0.0004980229787639831","0.0004980229787639831","0.0004980229787639831","2992","2992","2992"
"20099","0.0004980131186461147","0.0004980131186461147","0.0004980131186461147","2997","2997","2997"
"20149","0.0004980032340996807","0.0004980032340996807","0.0004980032340996807","3001","3001","3001"
"20199","0.0004979933251256566","0.0004979933251256566","0.0004979933251256566","3006","3006","3006"
"20249","0.0004979833917250202","0.0004979833917250202","0.0004979833917250202","3011","3011","3011"
"20299","0.0004979734338987523","0.0004979734338987523","0.0004979734338987523","3015","3015","3015"
"20349","0.0004979634516478361","0.0004979634516478361","0.0004979634516478361","3144","3144","3144"
"20399","0.0004979534449732556","0.0004979534449732556","0.0004979534449732556","3149","3149","3149"
"20449","0.0004979434138759999","0.0004979434138759999","0.0004979434138759999","3154","3154","3154"
"20499","0.0004979333583570584","0.0004979333583570584","0.0004979333583570584","3158","3158","3158"
"20549","0.0004979232784174238","0.0004979232784174238","0.0004979232784174238","3163","3163","3163"
"20599","0.0004979131740580899","0.0004979131740580899","0.0004979131740580899","3168","3168","3168"
"20649","0.0004979030452800556","0.0004979030452800556","0.0004979030452800556","3173","3173","3173"
"20699","0.0004978928920843185","0.0004978928920843185","0.0004978928920843185","3177","3177","3177"
"20749","0.0004978827144718824","0.0004978827144718824","0.0004978827144718824","3182","3182","3182"
"20799","0.0004978725124437512","0.0004978725124437512","0.0004978725124437512","3187","3187","3187"
"20849","0.0004978622860009316","0.0004978622860009316","0.0004978622860009316","3191","3191","3191"
"20899","0.0004978520351444338","0.0004978520351444338","0.0004978520351444338","3196","3196","3196"
"20949","0.0004978417598752683","0.0004978417598752683","0.0004978417598752683","3201","3201","3201"
"20999","0.0004978314601944498","0.0004978314601944498","0.0004978314601944498","3206","3206","3206"
"21049","0.0004978211361029949","0.0004978211361029949","0.0004978211361029949","3210","3210","3210"
"21099","0.0004978107876019232","0.0004978107876019232","0.0004978107876019232","3215","3215","3215"
"21149","0.0004978004146922547","0.0004978004146922547","0.0004978004146922547","3220","3220","3220"
"21199","0.000497790017375014","0.000497790017375014","0.000497790017375014","3225","3225","3225"
"21249","0.0004977795956512269","0.0004977795956512269","0.0004977795956512269","3229","3229","3229"
"21299","0.0004977691495219222","0.0004977691495219222","0.0004977691495219222","3234","3234","3234"
"21349","0.0004977586789881311","0.0004977586789881311","0.0004977586789881311","3239","3239","3239"
"21399","0.0004977481840508865","0.0004977481840508865","0.0004977481840508865","3243","3243","3243"
"21449","0.0004977376647112243","0.0004977376647112243","0.0004977376647112243","3248","3248","3248"
"21499","0.0004977271209701827","0.0004977271209701827","0.0004977271209701827","3253","3253","3253"
"21549","0.0004977165528288029","0.0004977165528288029","0.0004977165528288029","3258","3258","3258"
"21599","0.0004977059602881268","0.0004977059602881268","0.0004977059602881268","3262","3262","3262"
"21649","0.0004976953433492005","0.0004976953433492005","0.0004976953433492005","3267","3267","3267"
"21699","0.0004976847020130725","0.0004976847020130725","0.0004976847020130725","3272","3272","3272"
"21749","0.0004976740362807925","0.0004976740362807925","0.0004976740362807925","3276","3276","3276"
"21799","0.0004976633461534128","0.0004976633461534128","0.0004976633461534128","3281","3281","3281"
"21849","0.0004976526316319891","0.0004976526316319891","0.0004976526316319891","3286","3286","3286"
"21899","0.0004976418927175792","0.0004976418927175792","0.0004976418927175792","3291","3291","3291"
"21949","0.0004976311294112416","0.0004976311294112416","0.0004976311294112416","3295","3295","3295"
"21999","0.0004976203417140396","0.0004976203417140396","0.0004976203417140396","3300","3300","3300"
"22049","0.0004976095296270373","0.0004976095296270373","0.0004976095296270373","3305","3305","3305"
"22099","0.0004975986931513021","0.0004975986931513021","0.0004975986931513021","3310","3310","3310"
"22149","0.0004975878322879042","0.0004975878322879042","0.0004975878322879042","3314","3314","3314"
"22199","0.0004975769470379146","0.0004975769470379146","0.0004975769470379146","3319","3319","3319"
"22249","0.0004975660374024077","0.0004975660374024077","0.0004975660374024077","3324","3324","3324"
"22299","0.0004975551033824607","0.0004975551033824607","0.0004975551033824607","3328","3328","3328"
"22349","0.0004975441449791526","0.0004975441449791526","0.0004975441449791526","3333","3333","3333"
"22399","0.0004975331621935651","0.0004975331621935651","0.0004975331621935651","3338","3338","3338"
"22449","0.0004975221550267819","0.0004975221550267819","0.0004975221550267819","3343","3343","3343"
"22499","0.0004975111234798895","0.0004975111234798895","0.0004975111234798895","3347","3347","3347"
"22549","0.0004975000675539761","0.0004975000675539761","0.0004975000675539761","3352","3352","3352"
"22599","0.0004974889872501337","0.0004974889872501337","0.0004974889872501337","3357","3357","3357"
"22649","0.000497477882569455","0.000497477882569455","0.000497477882569455","3362","3362","3362"
"22699","0.0004974667535130367","0.0004974667535130367","0.0004974667535130367","3366","3366","3366"
"22749","0.0004974556000819773","0.0004974556000819773","0.0004974556000819773","3371","3371","3371"
"22799","0.0004974444222773776","0.0004974444222773776","0.0004974444222773776","3376","3376","3376"
"22849","0.0004974332201003399","0.0004974332201003399","0.0004974332201003399","3380","3380","3380"
"22899","0.0004974219935519714","0.0004974219935519714","0.0004974219935519714","3385","3385","3385"
"22949","0.0004974107426333788","0.0004974107426333788","0.0004974107426333788","3390","3390","3390"
"22999","0.0004973994673456732","0.0004973994673456732","0.0004973994673456732","3395","3395","3395"
"23049","0.0004973881676899664","0.0004973881676899664","0.0004973881676899664","3399","3399","3399"
"23099","0.0004973768436673747","0.0004973768436673747","0.0004973768436673747","3404","3404","3404"
"23149","0.0004973654952790154","0.0004973654952790154","0.0004973654952790154","3409","3409","3409"
"23199","0.0004973541225260086","0.0004973541225260086","0.0004973541225260086","3413","3413","3413"
"23249","0.0004973427254094765","0.0004973427254094765","0.0004973427254094765","3542","3542","3542"
"23299","0.0004973313039305447","0.0004973313039305447","0.0004973313039305447","3547","3547","3547"
"23349","0.0004973198580903398","0.0004973198580903398","0.0004973198580903398","3552","3552","3552"
"23399","0.0004973083878899908","0.0004973083878899908","0.0004973083878899908","3556","3556","3556"
"23449","0.0004972968933306304","0.0004972968933306304","0.0004972968933306304","3561","3561","3561"
"23499","0.0004972853744133935","0.0004972853744133935","0.0004972853744133935","3566","3566","3566"
"23549","0.0004972738311394166","0.0004972738311394166","0.0004972738311394166","3571","3571","3571"
"23599","0.0004972622635098389","0.0004972622635098389","0.0004972622635098389","3575","3575","3575"
"23649","0.000497250671525802","0.000497250671525802","0.000497250671525802","3580","3580","3580"
"23699","0.0004972390551884505","0.0004972390551884505","0.0004972390551884505","3585","3585","3585"
"23749","0.0004972274144989306","0.0004972274144989306","0.0004972274144989306","3589","3589","3589"
"23799","0.000497215749458391","0.000497215749458391","0.000497215749458391","3594","3594","3594"
"23849","0.0004972040600679834","0.0004972040600679834","0.0004972040600679834","3599","3599","3599"
"23899","0.000497192346328861","0.000497192346328861","0.000497192346328861","3604","3604","3604"
"23949","0.0004971806082421801","0.0004971806082421801","0.0004971806082421801","3608","3608","3608"
"23999","0.0004971688458090994","0.0004971688458090994","0.0004971688458090994","3613","3613","3613"
"24049","0.0004971570590307792","0.0004971570590307792","0.0004971570590307792","3618","3618","3618"
"24099","0.0004971452479083835","0.0004971452479083835","0.0004971452479083835","3623","3623","3623"
"24149","0.0004971334124430778","0.0004971334124430778","0.0004971334124430778","3627","3627","3627"
"24199","0.0004971215526360301","0.0004971215526360301","0.0004971215526360301","3632","3632","3632"
"24249","0.0004971096684884105","0.0004971096684884105","0.0004971096684884105","3637","3637","3637"
"24299","0.0004970977600013934","0.0004970977600013934","0.0004970977600013934","3641","3641","3641"
"24349","0.0004970858271761529","0.0004970858271761529","0.0004970858271761529","3646","3646","3646"
"24399","0.0004970738700138665","0.0004970738700138665","0.0004970738700138665","3651","3651","3651"
"24449","0.0004970618885157151","0.0004970618885157151","0.0004970618885157151","3656","3656","3656"
"24499","0.0004970498826828808","0.0004970498826828808","0.0004970498826828808","3660","3660","3660"
"24549","0.0004970378525165487","0.0004970378525165487","0.0004970378525165487","3665","3665","3665"
"24599","0.0004970257980179056","0.0004970257980179056","0.0004970257980179056","3670","3670","3670"
"24649","0.0004970137191881419","0.0004970137191881419","0.0004970137191881419","3674","3674","3674"
"24699","0.0004970016160284502","0.0004970016160284502","0.0004970016160284502","3679","3679","3679"
"24749","0.000496989488540024","0.000496989488540024","0.000496989488540024","3684","3684","3684"
"24799","0.0004969773367240598","0.0004969773367240598","0.0004969773367240598","3689","3689","3689"
"24849","0.0004969651605817584","0.0004969651605817584","0.0004969651605817584","3693","3693","3693"
"24899","0.0004969529601143207","0.0004969529601143207","0.0004969529601143207","3698","3698","3698"
"24949","0.000496940735322951","0.000496940735322951","0.000496940735322951","3703","3703","3703"
"24999","0.000496928486208856","0.000496928486208856","0.000496928486208856","3708","3708","3708"
"25049","0.0004969162127732441","0.0004969162127732441","0.0004969162127732441","3712","3712","3712"
"25099","0.0004969039150173277","0.0004969039150173277","0.0004969039150173277","3717","3717","3717"
"25149","0.0004968915929423194","0.0004968915929423194","0.0004968915929423194","3722","3722","3722"
"25199","0.000496879246549436","0.000496879246549436","0.000496879246549436","3726","3726","3726"
"25249","0.0004968668758398956","0.0004968668758398956","0.0004968668758398956","3731","3731","3731"
"25299","0.0004968544808149194","0.0004968544808149194","0.0004968544808149194","3736","3736","3736"
"25349","0.0004968420614757308","0.0004968420614757308","0.0004968420614757308","3741","3741","3741"
"25399","0.0004968296178235556","0.0004968296178235556","0.0004968296178235556","3745","3745","3745"
"25449","0.0004968171498596222","0.0004968171498596222","0.0004968171498596222","3750","3750","3750"
"25499","0.0004968046575851603","0.0004968046575851603","0.0004968046575851603","3755","3755","3755"
"25549","0.000496792141001403","0.000496792141001403","0.000496792141001403","3760","3760","3760"
"25599","0.000496779600109586","0.000496779600109586","0.000496779600109586","3764","3764","3764"
"25649","0.0004967670349109474","0.0004967670349109474","0.0004967670349109474","3769","3769","3769"
"25699","0.0004967544454067266","0.0004967544454067266","0.0004967544454067266","3774","3774","3774"
"25749","0.0004967418315981662","0.0004967418315981662","0.0004967418315981662","3778","3778","3778"
"25799","0.0004967291934865114","0.0004967291934865114","0.0004967291934865114","3783","3783","3783"
"25849","0.0004967165310730097","0.0004967165310730097","0.0004967165310730097","3788","3788","3788"
"25899","0.0004967038443589106","0.0004967038443589106","0.0004967038443589106","3793","3793","3793"
"25949","0.000496691133345466","0.000496691133345466","0.000496691133345466","3797","3797","3797"
"25999","0.0004966783980339305","0.0004966783980339305","0.0004966783980339305","3802","3802","3802"
"26049","0.0004966656384255614","0.0004966656384255614","0.0004966656384255614","3807","3807","3807"
"26099","0.0004966528545216176","0.0004966528545216176","0.0004966528545216176","3811","3811","3811"
"26149","0.0004966400463233614","0.0004966400463233614","0.0004966400463233614","3940","3940","3940"
"26199","0.0004966272138320565","0.0004966272138320565","0.0004966272138320565","3945","3945","3945"
"26249","0.0004966143570489691","0.0004966143570489691","0.0004966143570489691","3950","3950","3950"
"26299","0.000496601475975369","0.000496601475975369","0.000496601475975369","3954","3954","3954"
"26349","0.0004965885706125265","0.0004965885706125265","0.0004965885706125265","3959","3959","3959"
"26399","0.0004965756409617159","0.0004965756409617159","0.0004965756409617159","3964","3964","3964"
"26449","0.0004965626870242135","0.0004965626870242135","0.0004965626870242135","3969","3969","3969"
"26499","0.0004965497088012974","0.0004965497088012974","0.0004965497088012974","3973","3973","3973"
"26549","0.0004965367062942486","0.0004965367062942486","0.0004965367062942486","3978","3978","3978"
"26599","0.0004965236795043503","0.0004965236795043503","0.0004965236795043503","3983","3983","3983"
"26649","0.0004965106284328885","0.0004965106284328885","0.0004965106284328885","3987","3987","3987"
"26699","0.0004964975530811512","0.0004964975530811512","0.0004964975530811512","3992","3992","3992"
"26749","0.0004964844534504288","0.0004964844534504288","0.0004964844534504288","3997","3997","3997"
"26799","0.0004964713295420141","0.0004964713295420141","0.0004964713295420141","4002","4002","4002"
"26849","0.0004964581813572022","0.0004964581813572022","0.0004964581813572022","4006","4006","4006"
"26899","0.0004964450088972914","0.0004964450088972914","0.0004964450088972914","4011","4011","4011"
"26949","0.0004964318121635815","0.0004964318121635815","0.0004964318121635815","4016","4016","4016"
"26999","0.0004964185911573743","0.0004964185911573743","0.0004964185911573743","4021","4021","4021"
"27049","0.0004964053458799753","0.0004964053458799753","0.0004964053458799753","4025","4025","4025"
"27099","0.0004963920763326914","0.0004963920763326914","0.0004963920763326914","4030","4030","4030"
"27149","0.0004963787825168327","0.0004963787825168327","0.0004963787825168327","4035","4035","4035"
"27199","0.0004963654644337112","0.0004963654644337112","0.0004963654644337112","4039","4039","4039"
"27249","0.000496352122084641","0.000496352122084641","0.000496352122084641","4044","4044","4044"
"27299","0.0004963387554709393","0.0004963387554709393","0.0004963387554709393","4049","4049","4049"
"27349","0.0004963253645939253","0.0004963253645939253","0.0004963253645939253","4054","4054","4054"
"27399","0.0004963119494549203","0.0004963119494549203","0.0004963119494549203","4058","4058","4058"
"27449","0.0004962985100552487","0.0004962985100552487","0.0004962985100552487","4063","4063","4063"
"27499","0.000496285046396237","0.000496285046396237","0.000496285046396237","4068","4068","4068"
"27549","0.0004962715584792136","0.0004962715584792136","0.0004962715584792136","4072","4072","4072"
"27599","0.0004962580463055098","0.0004962580463055098","0.0004962580463055098","4077","4077","4077"
"27649","0.0004962445098764592","0.0004962445098764592","0.0004962445098764592","4082","4082","4082"
"27699","0.0004962309491933974","0.0004962309491933974","0.0004962309491933974","4087","4087","4087"
"27749","0.0004962173642576636","0.0004962173642576636","0.0004962173642576636","4091","4091","4091"
"27799","0.0004962037550705985","0.0004962037550705985","0.0004962037550705985","4096","4096","4096"
"27849","0.0004961901216335446","0.0004961901216335446","0.0004961901216335446","4101","4101","4101"
"27899","0.0004961764639478478","0.0004961764639478478","0.0004961764639478478","4106","4106","4106"
"27949","0.0004961627820148565","0.0004961627820148565","0.0004961627820148565","4110","4110","4110"
"27999","0.0004961490758359205","0.0004961490758359205","0.0004961490758359205","4115","4115","4115"
"28049","0.0004961353454123924","0.0004961353454123924","0.0004961353454123924","4120","4120","4120"
"28099","0.0004961215907456278","0.0004961215907456278","0.0004961215907456278","4124","4124","4124"
"28149","0.0004961078118369836","0.0004961078118369836","0.0004961078118369836","4129","4129","4129"
"28199","0.0004960940086878205","0.0004960940086878205","0.0004960940086878205","4134","4134","4134"
"28249","0.0004960801812995006","0.0004960801812995006","0.0004960801812995006","4139","4139","4139"
"28299","0.0004960663296733885","0.0004960663296733885","0.0004960663296733885","4143","4143","4143"
"28349","0.0004960524538108519","0.0004960524538108519","0.0004960524538108519","4148","4148","4148"
"28399","0.0004960385537132593","0.0004960385537132593","0.0004960385537132593","4153","4153","4153"
"28449","0.0004960246293819829","0.0004960246293819829","0.0004960246293819829","4158","4158","4158"
"28499","0.0004960106808183973","0.0004960106808183973","0.0004960106808183973","4162","4162","4162"
"28549","0.0004959967080238785","0.0004959967080238785","0.0004959967080238785","4167","4167","4167"
"28599","0.0004959827109998062","0.0004959827109998062","0.0004959827109998062","4172","4172","4172"
"28649","0.0004959686897475618","0.0004959686897475618","0.0004959686897475618","4176","4176","4176"
"28699","0.000495954644268529","0.000495954644268529","0.000495954644268529","4181","4181","4181"
"28749","0.0004959405745640937","0.0004959405745640937","0.0004959405745640937","4186","4186","4186"
"28799","0.000495926480635645","0.000495926480635645","0.000495926480635645","4191","4191","4191"
"28849","0.0004959123624845741","0.0004959123624845741","0.0004959123624845741","4195","4195","4195"
"28899","0.0004958982201122737","0.0004958982201122737","0.0004958982201122737","4200","4200","4200"
"28949","0.0004958840535201404","0.0004958840535201404","0.0004958840535201404","4205","4205","4205"
"28999","0.000495869862709572","0.000495869862709572","0.000495869862709572","4209","4209","4209"
"29049","0.0004958556476819686","0.0004958556476819686","0.0004958556476819686","4338","4338","4338"
"29099","0.0004958414084387335","0.0004958414084387335","0.0004958414084387335","4343","4343","4343"
"29149","0.0004958271449812719","0.0004958271449812719","0.0004958271449812719","4348","4348","4348"
"29199","0.000495812857310992","0.000495812857310992","0.000495812857310992","4352","4352","4352"
"29249","0.0004957985454293038","0.0004957985454293038","0.0004957985454293038","4357","4357","4357"
"29299","0.0004957842093376197","0.0004957842093376197","0.0004957842093376197","4362","4362","4362"
"29349","0.0004957698490373549","0.0004957698490373549","0.0004957698490373549","4367","4367","4367"
"29399","0.0004957554645299262","0.0004957554645299262","0.0004957554645299262","4371","4371","4371"
"29449","0.000495741055816754","0.000495741055816754","0.000495741055816754","4376","4376","4376"
"29499","0.0004957266228992596","0.0004957266228992596","0.0004957266228992596","4381","4381","4381"
"29549","0.0004957121657788678","0.0004957121657788678","0.0004957121657788678","4385","4385","4385"
"29599","0.0004956976844570059","0.0004956976844570059","0.0004956976844570059","4390","4390","4390"
"29649","0.0004956831789351022","0.0004956831789351022","0.0004956831789351022","4395","4395","4395"
"29699","0.000495668649214589","0.000495668649214589","0.000495668649214589","4400","4400","4400"
"29749","0.0004956540952969005","0.0004956540952969005","0.0004956540952969005","4404","4404","4404"
"29799","0.0004956395171834729","0.0004956395171834729","0.0004956395171834729","4409","4409","4409"
"29849","0.0004956249148757449","0.0004956249148757449","0.0004956249148757449","4414","4414","4414"
"29899","0.0004956102883751571","0.0004956102883751571","0.0004956102883751571","4419","4419","4419"
"29949","0.0004955956376831546","0.0004955956376831546","0.0004955956376831546","4423","4423","4423"
"29999","0.0004955809628011817","0.0004955809628011817","0.0004955809628011817","4428","4428","4428"
"30049","0.0004955662637306877","0.0004955662637306877","0.0004955662637306877","4433","4433","4433"
"30099","0.0004955515404731231","0.0004955515404731231","0.0004955515404731231","4437","4437","4437"
"30149","0.0004955367930299414","0.0004955367930299414","0.0004955367930299414","4442","4442","4442"
"30199","0.0004955220214025978","0.0004955220214025978","0.0004955220214025978","4447","4447","4447"
"30249","0.0004955072255925501","0.0004955072255925501","0.0004955072255925501","4452","4452","4452"
"30299","0.0004954924056012586","0.0004954924056012586","0.0004954924056012586","4456","4456","4456"
"30349","0.0004954775614301863","0.0004954775614301863","0.0004954775614301863","4461","4461","4461"
"30399","0.0004954626930807982","0.0004954626930807982","0.0004954626930807982","4466","4466","4466"
"30449","0.0004954478005545605","0.0004954478005545605","0.0004954478005545605","4470","4470","4470"
"30499","0.0004954328838529453","0.0004954328838529453","0.0004954328838529453","4475","4475","4475"
"30549","0.0004954179429774233","0.0004954179429774233","0.0004954179429774233","4480","4480","4480"
"30599","0.0004954029779294693","0.0004954029779294693","0.0004954029779294693","4485","4485","4485"
"30649","0.0004953879887105605","0.0004953879887105605","0.0004953879887105605","4489","4489","4489"
"30699","0.0004953729753221756","0.0004953729753221756","0.0004953729753221756","4494","4494","4494"
"30749","0.0004953579377657977","0.0004953579377657977","0.0004953579377657977","4499","4499","4499"
"30799","0.0004953428760429098","0.0004953428760429098","0.0004953428760429098","4504","4504","4504"
"30849","0.0004953277901549989","0.0004953277901549989","0.0004953277901549989","4508","4508","4508"
"30899","0.0004953126801035536","0.0004953126801035536","0.0004953126801035536","4513","4513","4513"
"30949","0.0004952975458900658","0.0004952975458900658","0.0004952975458900658","4518","4518","4518"
"30999","0.0004952823875160287","0.0004952823875160287","0.0004952823875160287","4522","4522","4522"
"31049","0.0004952672049829388","0.0004952672049829388","0.0004952672049829388","4527","4527","4527"
"31099","0.0004952519982922937","0.0004952519982922937","0.0004952519982922937","4532","4532","4532"
"31149","0.0004952367674455956","0.0004952367674455956","0.0004952367674455956","4537","4537","4537"
"31199","0.0004952215124443459","0.0004952215124443459","0.0004952215124443459","4541","4541","4541"
"31249","0.0004952062332900519","0.0004952062332900519","0.0004952062332900519","4546","4546","4546"
"31299","0.0004951909299842206","0.0004951909299842206","0.0004951909299842206","4551","4551","4551"
"31349","0.000495175602528363","0.000495175602528363","0.000495175602528363","4556","4556","4556"
"31399","0.0004951602509239916","0.0004951602509239916","0.0004951602509239916","4560","4560","4560"
"31449","0.0004951448751726211","0.0004951448751726211","0.0004951448751726211","4565","4565","4565"
"31499","0.0004951294752757696","0.0004951294752757696","0.0004951294752757696","4570","4570","4570"
"31549","0.0004951140512349567","0.0004951140512349567","0.0004951140512349567","4574","4574","4574"
"31599","0.0004950986030517051","0.0004950986030517051","0.0004950986030517051","4579","4579","4579"
"31649","0.0004950831307275396","0.0004950831307275396","0.0004950831307275396","4584","4584","4584"
"31699","0.0004950676342639857","0.0004950676342639857","0.0004950676342639857","4589","4589","4589"
"31749","0.0004950521136625746","0.0004950521136625746","0.0004950521136625746","4593","4593","4593"
"31799","0.0004950365689248378","0.0004950365689248378","0.0004950365689248378","4598","4598","4598"
"31849","0.000495021000052309","0.000495021000052309","0.000495021000052309","4603","4603","4603"
"31899","0.0004950054070465253","0.0004950054070465253","0.0004950054070465253","4607","4607","4607"
"31900","0.0004943120999310406","0.0004943120999310406","0.0004943120999310406","5093","5093","5093"
"31949","0.0004949897899090254","0.0004949897899090254","0.0004949897899090254","4908.333333333333","4736","5095"
"31950","0.0004942954466193803","0.0004942954466193803","0.0004942954466193803","5097","5097","5097"
"31999","0.00049497414864135","0.00049497414864135","0.00049497414864135","4913.333333333333","4741","5100"
"32000","0.0004942787692460742","0.0004942787692460742","0.0004942787692460742","5102","5102","5102"
"32049","0.000494958483245044","0.000494958483245044","0.000494958483245044","4918.333333333333","4746","5105"
"32050","0.000494262067812768","0.000494262067812768","0.000494262067812768","5107","5107","5107"
"32099","0.0004949427937216526","0.0004949427937216526","0.0004949427937216526","4922.333333333333","4750","5109"
"32102","0.0004942453423211103","0.0004942453423211103","0.0004942453423211103","5112","5112","5112"
"32149","0.0004949270800727246","0.0004949270800727246","0.0004949270800727246","4927.333333333333","4755","5114"
"32150","0.0004942285927727519","0.0004942285927727519","0.0004942285927727519","5116","5116","5116"
"32199","0.000494911342299811","0.000494911342299811","0.000494911342299811","4932.333333333333","4760","5119"
"32200","0.0004942118191693457","0.0004942118191693457","0.0004942118191693457","5121","5121","5121"
"32249","0.0004948955804044653","0.0004948955804044653","0.0004948955804044653","4937.333333333333","4765","5124"
"32250","0.0004941950215125473","0.0004941950215125473","0.0004941950215125473","5126","5126","5126"
"32299","0.0004948797943882426","0.0004948797943882426","0.0004948797943882426","4941.333333333333","4769","5128"
"32300","0.0004941781998040143","0.0004941781998040143","0.0004941781998040143","5130","5130","5130"
"32349","0.0004948639842527013","0.0004948639842527013","0.0004948639842527013","4946.333333333333","4774","5133"
"32350","0.0004941613540454069","0.0004941613540454069","0.0004941613540454069","5135","5135","5135"
"32399","0.0004948481499994017","0.0004948481499994017","0.0004948481499994017","4951.333333333333","4779","5138"
"32400","0.0004941444842383877","0.0004941444842383877","0.0004941444842383877","5140","5140","5140"
"32449","0.0004948322916299067","0.0004948322916299067","0.0004948322916299067","4955.333333333333","4783","5142"
"32450","0.0004941275903846227","0.0004941275903846227","0.0004941275903846227","5145","5145","5145"
"32499","0.0004948164091457811","0.0004948164091457811","0.0004948164091457811","4960.333333333333","4788","5147"
"32500","0.0004941106724857786","0.0004941106724857786","0.0004941106724857786","5149","5149","5149"
"32549","0.0004948005025485926","0.0004948005025485926","0.0004948005025485926","4965.333333333333","4793","5152"
"32550","0.0004940937305435247","0.0004940937305435247","0.0004940937305435247","5154","5154","5154"
"32599","0.000494784571839911","0.000494784571839911","0.000494784571839911","4970.333333333333","4798","5157"
"32600","0.0004940767645595337","0.0004940767645595337","0.0004940767645595337","5159","5159","5159"
"32649","0.000494768617021309","0.000494768617021309","0.000494768617021309","4974.333333333333","4802","5161"
"32650","0.0004940597745354794","0.0004940597745354794","0.0004940597745354794","5163","5163","5163"
"32699","0.0004947526380943605","0.0004947526380943605","0.0004947526380943605","4979.333333333333","4807","5166"
"32749","0.0004947366350606432","0.0004947366350606432","0.0004947366350606432","4984.333333333333","4812","5171"
"32799","0.0004947206079217364","0.0004947206079217364","0.0004947206079217364","4989.333333333333","4817","5176"
"32849","0.0004947045566792221","0.0004947045566792221","0.0004947045566792221","4993.333333333333","4821","5180"
"32899","0.0004946884813346847","0.0004946884813346847","0.0004946884813346847","4998.333333333333","4826","5185"
"32949","0.00049467238188971","0.00049467238188971","0.00049467238188971","5003.333333333333","4831","5190"
"32999","0.0004946562583458871","0.0004946562583458871","0.0004946562583458871","5007.333333333333","4835","5194"
"33049","0.0004946401107048078","0.0004946401107048078","0.0004946401107048078","5012.333333333333","4840","5199"
"33099","0.000494623938968066","0.000494623938968066","0.000494623938968066","5017.333333333333","4845","5204"
"33149","0.0004946077431372571","0.0004946077431372571","0.0004946077431372571","5022.333333333333","4850","5209"
"33199","0.0004945915232139796","0.0004945915232139796","0.0004945915232139796","5026.333333333333","4854","5213"
"33249","0.0004945752791998352","0.0004945752791998352","0.0004945752791998352","5031.333333333333","4859","5218"
"33299","0.0004945590110964264","0.0004945590110964264","0.0004945590110964264","5036.333333333333","4864","5223"
"33349","0.0004945427189053586","0.0004945427189053586","0.0004945427189053586","5040.333333333333","4868","5227"
"33399","0.0004945264026282404","0.0004945264026282404","0.0004945264026282404","5045.333333333333","4873","5232"
"33449","0.0004945100622666816","0.0004945100622666816","0.0004945100622666816","5050.333333333333","4878","5237"
"33499","0.0004944936978222951","0.0004944936978222951","0.0004944936978222951","5055.333333333333","4883","5242"
"33549","0.0004944773092966965","0.0004944773092966965","0.0004944773092966965","5059.333333333333","4887","5246"
"33599","0.0004944608966915026","0.0004944608966915026","0.0004944608966915026","5150.5","5050","5251"
"33649","0.0004944444600083335","0.0004944444600083335","0.0004944444600083335","5155.5","5055","5256"
"33699","0.0004944279992488112","0.0004944279992488112","0.0004944279992488112","5160.5","5060","5261"
"33749","0.0004944115144145606","0.0004944115144145606","0.0004944115144145606","5164.5","5064","5265"
"33799","0.0004943950055072091","0.0004943950055072091","0.0004943950055072091","5169.5","5069","5270"
"33849","0.0004943784725283853","0.0004943784725283853","0.0004943784725283853","5174.5","5074","5275"
"33899","0.0004943619154797213","0.0004943619154797213","0.0004943619154797213","5178.5","5078","5279"
"33949","0.0004943453343628513","0.0004943453343628513","0.0004943453343628513","5183.5","5083","5284"
"33999","0.0004943287291794114","0.0004943287291794114","0.0004943287291794114","5188.5","5088","5289"
"34016","0.0004940427604730392","0.0004940427604730392","0.0004940427604730392","5292","5292","5292"
"34049","0.0004943120999310406","0.0004943120999310406","0.0004943120999310406","5294","5294","5294"
"34074","0.0004940257223738924","0.0004940257223738924","0.0004940257223738924","5297","5297","5297"
"34099","0.0004942954466193803","0.0004942954466193803","0.0004942954466193803","5298","5298","5298"
"34132","0.0004940086602397204","0.0004940086602397204","0.0004940086602397204","5302","5302","5302"
"34149","0.0004942787692460742","0.0004942787692460742","0.0004942787692460742","5303","5303","5303"
"34161","0.0004939915740722076","0.0004939915740722076","0.0004939915740722076","5306","5306","5306"
"34199","0.000494262067812768","0.000494262067812768","0.000494262067812768","5308","5308","5308"
"34219","0.0004939744638730398","0.0004939744638730398","0.0004939744638730398","5311","5311","5311"
"34249","0.0004942453423211103","0.0004942453423211103","0.0004942453423211103","5313","5313","5313"
"34277","0.0004939573296439054","0.0004939573296439054","0.0004939573296439054","5316","5316","5316"
"34299","0.0004942285927727519","0.0004942285927727519","0.0004942285927727519","5317","5317","5317"
"34335","0.0004939401713864959","0.0004939401713864959","0.0004939401713864959","5321","5321","5321"
"34349","0.0004942118191693457","0.0004942118191693457","0.0004942118191693457","5322","5322","5322"
"34364","0.0004939229891025044","0.0004939229891025044","0.0004939229891025044","5325","5325","5325"
"34399","0.0004941950215125473","0.0004941950215125473","0.0004941950215125473","5327","5327","5327"
"34422","0.0004939057827936274","0.0004939057827936274","0.0004939057827936274","5330","5330","5330"
"34449","0.0004941781998040143","0.0004941781998040143","0.0004941781998040143","5331","5331","5331"
"34480","0.0004938885524615626","0.0004938885524615626","0.0004938885524615626","5335","5335","5335"
"34499","0.0004941613540454069","0.0004941613540454069","0.0004941613540454069","5336","5336","5336"
"34509","0.000493871298108011","0.000493871298108011","0.000493871298108011","5339","5339","5339"
"34549","0.0004941444842383877","0.0004941444842383877","0.0004941444842383877","5341","5341","5341"
"34567","0.0004938540197346748","0.0004938540197346748","0.0004938540197346748","5344","5344","5344"
"34599","0.0004941275903846227","0.0004941275903846227","0.0004941275903846227","5346","5346","5346"
"34625","0.0004938367173432598","0.0004938367173432598","0.0004938367173432598","5349","5349","5349"
"34649","0.0004941106724857786","0.0004941106724857786","0.0004941106724857786","5350","5350","5350"
"34683","0.000493819390935474","0.000493819390935474","0.000493819390935474","5354","5354","5354"
"34699","0.0004940937305435247","0.0004940937305435247","0.0004940937305435247","5355","5355","5355"
"34712","0.0004938020405130271","0.0004938020405130271","0.0004938020405130271","5358","5358","5358"
"34749","0.0004940767645595337","0.0004940767645595337","0.0004940767645595337","5360","5360","5360"
"34770","0.0004937846660776314","0.0004937846660776314","0.0004937846660776314","5363","5363","5363"
"34799","0.0004940597745354794","0.0004940597745354794","0.0004940597745354794","5364","5364","5364"
"34800","0.0004935367786629405","0.0004933064857494339","0.0004937672676310012","5429.6","5368","5491"
"34849","0.0004940427604730392","0.0004940427604730392","0.0004940427604730392","5493","5493","5493"
"34850","0.000493288439656334","0.000493288439656334","0.000493288439656334","5495","5495","5495"
"34899","0.0004940257223738924","0.0004940257223738924","0.0004940257223738924","5498","5498","5498"
"34900","0.0004932703696009754","0.0004932703696009754","0.0004932703696009754","5500","5500","5500"
"34949","0.0004940086602397204","0.0004940086602397204","0.0004940086602397204","5503","5503","5503"
"34950","0.0004932522755851417","0.0004932522755851417","0.0004932522755851417","5505","5505","5505"
"34999","0.0004939915740722076","0.0004939915740722076","0.0004939915740722076","5507","5507","5507"
"35002","0.000493234157610619","0.000493234157610619","0.000493234157610619","5510","5510","5510"
"35049","0.0004939744638730398","0.0004939744638730398","0.0004939744638730398","5512","5512","5512"
"35050","0.0004932160156791956","0.0004932160156791956","0.0004932160156791956","5514","5514","5514"
"35099","0.0004939573296439054","0.0004939573296439054","0.0004939573296439054","5517","5517","5517"
"35100","0.0004931978497926617","0.0004931978497926617","0.0004931978497926617","5519","5519","5519"
"35149","0.0004939401713864959","0.0004939401713864959","0.0004939401713864959","5522","5522","5522"
"35150","0.0004931796599528104","0.0004931796599528104","0.0004931796599528104","5524","5524","5524"
"35199","0.0004939229891025044","0.0004939229891025044","0.0004939229891025044","5526","5526","5526"
"35200","0.0004931614461614367","0.0004931614461614367","0.0004931614461614367","5528","5528","5528"
"35249","0.0004939057827936274","0.0004939057827936274","0.0004939057827936274","5531","5531","5531"
"35250","0.0004931432084203386","0.0004931432084203386","0.0004931432084203386","5533","5533","5533"
"35299","0.0004938885524615626","0.0004938885524615626","0.0004938885524615626","5536","5536","5536"
"35300","0.0004931249467313155","0.0004931249467313155","0.0004931249467313155","5538","5538","5538"
"35349","0.000493871298108011","0.000493871298108011","0.000493871298108011","5540","5540","5540"
"35350","0.0004931066610961705","0.0004931066610961705","0.0004931066610961705","5543","5543","5543"
"35399","0.0004938540197346748","0.0004938540197346748","0.0004938540197346748","5545","5545","5545"
"35400","0.0004930883515167082","0.0004930883515167082","0.0004930883515167082","5547","5547","5547"
"35449","0.0004938367173432598","0.0004938367173432598","0.0004938367173432598","5550","5550","5550"
"35450","0.0004930700179947351","0.0004930700179947351","0.0004930700179947351","5552","5552","5552"
"35499","0.000493819390935474","0.000493819390935474","0.000493819390935474","5555","5555","5555"
"35500","0.0004930516605320612","0.0004930516605320612","0.0004930516605320612","5557","5557","5557"
"35549","0.0004938020405130271","0.0004938020405130271","0.0004938020405130271","5559","5559","5559"
"35550","0.0004930332791304984","0.0004930332791304984","0.0004930332791304984","5561","5561","5561"
"35599","0.0004937846660776314","0.0004937846660776314","0.0004937846660776314","5564","5564","5564"
"35649","0.0004937672676310012","0.0004937672676310012","0.0004937672676310012","5569","5569","5569"
"35699","0.0004937498451748548","0.0004937498451748548","0.0004937498451748548","5574","5574","5574"
"35749","0.0004937323987109112","0.0004937323987109112","0.0004937323987109112","5578","5578","5578"
"35799","0.0004937149282408922","0.0004937149282408922","0.0004937149282408922","5583","5583","5583"
"35849","0.0004936974337665222","0.0004936974337665222","0.0004936974337665222","5588","5588","5588"
"35899","0.0004936799152895271","0.0004936799152895271","0.0004936799152895271","5592","5592","5592"
"35949","0.0004936623728116368","0.0004936623728116368","0.0004936623728116368","5597","5597","5597"
"35999","0.0004936448063345827","0.0004936448063345827","0.0004936448063345827","5602","5602","5602"
"36049","0.0004936272158600984","0.0004936272158600984","0.0004936272158600984","5607","5607","5607"
"36099","0.0004936096013899193","0.0004936096013899193","0.0004936096013899193","5611","5611","5611"
"36149","0.0004935919629257854","0.0004935919629257854","0.0004935919629257854","5616","5616","5616"
"36199","0.0004935743004694363","0.0004935743004694363","0.0004935743004694363","5621","5621","5621"
"36249","0.0004935566140226153","0.0004935566140226153","0.0004935566140226153","5625","5625","5625"
"36299","0.0004935389035870683","0.0004935389035870683","0.0004935389035870683","5630","5630","5630"
"36349","0.0004935211691645434","0.0004935211691645434","0.0004935211691645434","5635","5635","5635"
"36399","0.0004935034107567904","0.0004935034107567904","0.0004935034107567904","5640","5640","5640"
"36449","0.0004934856283655618","0.0004934856283655618","0.0004934856283655618","5644","5644","5644"
"36499","0.0004934678219926138","0.0004934678219926138","0.0004934678219926138","5649","5649","5649"
"36549","0.0004934499916397028","0.0004934499916397028","0.0004934499916397028","5654","5654","5654"
"36599","0.0004934321373085895","0.0004934321373085895","0.0004934321373085895","5659","5659","5659"
"36649","0.000493414259001035","0.000493414259001035","0.000493414259001035","5663","5663","5663"
"36699","0.0004933963567188048","0.0004933963567188048","0.0004933963567188048","5668","5668","5668"
"36749","0.000493378430463665","0.000493378430463665","0.000493378430463665","5673","5673","5673"
"36799","0.0004933604802373854","0.0004933604802373854","0.0004933604802373854","5677","5677","5677"
"36849","0.0004933425060417376","0.0004933425060417376","0.0004933425060417376","5682","5682","5682"
"36899","0.000493324507878495","0.000493324507878495","0.000493324507878495","5687","5687","5687"
"36916","0.0004930148737918604","0.0004930148737918604","0.0004930148737918604","5690","5690","5690"
"36949","0.0004933064857494339","0.0004933064857494339","0.0004933064857494339","5692","5692","5692"
"36974","0.0004929964445179641","0.0004929964445179641","0.0004929964445179641","5695","5695","5695"
"36999","0.000493288439656334","0.000493288439656334","0.000493288439656334","5696","5696","5696"
"37032","0.0004929779913106282","0.0004929779913106282","0.0004929779913106282","5700","5700","5700"
"37049","0.0004932703696009754","0.0004932703696009754","0.0004932703696009754","5701","5701","5701"
"37061","0.0004929595141716742","0.0004929595141716742","0.0004929595141716742","5704","5704","5704"
"37099","0.0004932522755851417","0.0004932522755851417","0.0004932522755851417","5706","5706","5706"
"37119","0.0004929410131029256","0.0004929410131029256","0.0004929410131029256","5709","5709","5709"
"37149","0.000493234157610619","0.000493234157610619","0.000493234157610619","5711","5711","5711"
"37177","0.0004929224881062083","0.0004929224881062083","0.0004929224881062083","5714","5714","5714"
"37199","0.0004932160156791956","0.0004932160156791956","0.0004932160156791956","5715","5715","5715"
"37235","0.0004929039391833503","0.0004929039391833503","0.0004929039391833503","5719","5719","5719"
"37249","0.0004931978497926617","0.0004931978497926617","0.0004931978497926617","5720","5720","5720"
"37264","0.0004928853663361828","0.0004928853663361828","0.0004928853663361828","5723","5723","5723"
"37299","0.0004931796599528104","0.0004931796599528104","0.0004931796599528104","5725","5725","5725"
"37322","0.0004928667695665386","0.0004928667695665386","0.0004928667695665386","5728","5728","5728"
"37349","0.0004931614461614367","0.0004931614461614367","0.0004931614461614367","5729","5729","5729"
"37380","0.0004928481488762535","0.0004928481488762535","0.0004928481488762535","5733","5733","5733"
"37399","0.0004931432084203386","0.0004931432084203386","0.0004931432084203386","5734","5734","5734"
"37409","0.0004928295042671651","0.0004928295042671651","0.0004928295042671651","5737","5737","5737"
"37449","0.0004931249467313155","0.0004931249467313155","0.0004931249467313155","5739","5739","5739"
"37467","0.000492810835741113","0.000492810835741113","0.000492810835741113","5742","5742","5742"
"37499","0.0004931066610961705","0.0004931066610961705","0.0004931066610961705","5744","5744","5744"
"37525","0.0004927921432999403","0.0004927921432999403","0.0004927921432999403","5747","5747","5747"
"37549","0.0004930883515167082","0.0004930883515167082","0.0004930883515167082","5748","5748","5748"
"37583","0.0004927734269454919","0.0004927734269454919","0.0004927734269454919","5752","5752","5752"
"37599","0.0004930700179947351","0.0004930700179947351","0.0004930700179947351","5753","5753","5753"
"37612","0.0004927546866796143","0.0004927546866796143","0.0004927546866796143","5756","5756","5756"
"37649","0.0004930516605320612","0.0004930516605320612","0.0004930516605320612","5758","5758","5758"
"37670","0.0004927359225041581","0.0004927359225041581","0.0004927359225041581","5761","5761","5761"
"37699","0.0004930332791304984","0.0004930332791304984","0.0004930332791304984","5762","5762","5762"
"37700","0.0004924684817095704","0.0004922202587690157","0.0004927171344209748","5827.6","5766","5889"
"37749","0.0004930148737918604","0.0004930148737918604","0.0004930148737918604","5891","5891","5891"
"37750","0.0004922008258858562","0.0004922008258858562","0.0004922008258858562","5893","5893","5893"
"37799","0.0004929964445179641","0.0004929964445179641","0.0004929964445179641","5896","5896","5896"
"37800","0.0004921813691477813","0.0004921813691477813","0.0004921813691477813","5898","5898","5898"
"37849","0.0004929779913106282","0.0004929779913106282","0.0004929779913106282","5901","5901","5901"
"37850","0.0004921618885567119","0.0004921618885567119","0.0004921618885567119","5903","5903","5903"
"37899","0.0004929595141716742","0.0004929595141716742","0.0004929595141716742","5905","5905","5905"
"37902","0.0004921423841145703","0.0004921423841145703","0.0004921423841145703","5908","5908","5908"
"37949","0.0004929410131029256","0.0004929410131029256","0.0004929410131029256","5910","5910","5910"
"37950","0.0004921228558232815","0.0004921228558232815","0.0004921228558232815","5912","5912","5912"
"37999","0.0004929224881062083","0.0004929224881062083","0.0004929224881062083","5915","5915","5915"
"38000","0.0004921033036847725","0.0004921033036847725","0.0004921033036847725","5917","5917","5917"
"38049","0.0004929039391833503","0.0004929039391833503","0.0004929039391833503","5920","5920","5920"
"38050","0.0004920837277009734","0.0004920837277009734","0.0004920837277009734","5922","5922","5922"
"38099","0.0004928853663361828","0.0004928853663361828","0.0004928853663361828","5924","5924","5924"
"38100","0.0004920641278738163","0.0004920641278738163","0.0004920641278738163","5926","5926","5926"
"38149","0.0004928667695665386","0.0004928667695665386","0.0004928667695665386","5929","5929","5929"
"38150","0.0004920445042052358","0.0004920445042052358","0.0004920445042052358","5931","5931","5931"
"38199","0.0004928481488762535","0.0004928481488762535","0.0004928481488762535","5934","5934","5934"
"38200","0.0004920248566971679","0.0004920248566971679","0.0004920248566971679","5936","5936","5936"
"38249","0.0004928295042671651","0.0004928295042671651","0.0004928295042671651","5938","5938","5938"
"38250","0.0004920051853515532","0.0004920051853515532","0.0004920051853515532","5941","5941","5941"
"38299","0.000492810835741113","0.000492810835741113","0.000492810835741113","5943","5943","5943"
"38300","0.000491985490170332","0.000491985490170332","0.000491985490170332","5945","5945","5945"
"38349","0.0004927921432999403","0.0004927921432999403","0.0004927921432999403","5948","5948","5948"
"38350","0.0004919657711554484","0.0004919657711554484","0.0004919657711554484","5950","5950","5950"
"38399","0.0004927734269454919","0.0004927734269454919","0.0004927734269454919","5953","5953","5953"
"38400","0.0004919460283088486","0.0004919460283088486","0.0004919460283088486","5955","5955","5955"
"38449","0.0004927546866796143","0.0004927546866796143","0.0004927546866796143","5957","5957","5957"
"38450","0.0004919262616324811","0.0004919262616324811","0.0004919262616324811","5959","5959","5959"
"38499","0.0004927359225041581","0.0004927359225041581","0.0004927359225041581","5962","5962","5962"
"38549","0.0004927171344209748","0.0004927171344209748","0.0004927171344209748","5967","5967","5967"
"38599","0.0004926983224319193","0.0004926983224319193","0.0004926983224319193","5972","5972","5972"
"38649","0.0004926794865388474","0.0004926794865388474","0.0004926794865388474","5976","5976","5976"
"38699","0.0004926606267436178","0.0004926606267436178","0.0004926606267436178","5981","5981","5981"
"38749","0.0004926417430480929","0.0004926417430480929","0.0004926417430480929","5986","5986","5986"
"38799","0.0004926228354541362","0.0004926228354541362","0.0004926228354541362","5990","5990","5990"
"38849","0.000492603903963614","0.000492603903963614","0.000492603903963614","5995","5995","5995"
"38899","0.0004925849485783938","0.0004925849485783938","0.0004925849485783938","6000","6000","6000"
"38949","0.000492565969300347","0.000492565969300347","0.000492565969300347","6005","6005","6005"
"38999","0.0004925469661313468","0.0004925469661313468","0.0004925469661313468","6009","6009","6009"
"39049","0.0004925279390732691","0.0004925279390732691","0.0004925279390732691","6014","6014","6014"
"39099","0.0004925088881279918","0.0004925088881279918","0.0004925088881279918","6019","6019","6019"
"39149","0.000492489813297394","0.000492489813297394","0.000492489813297394","6023","6023","6023"
"39199","0.0004924707145833598","0.0004924707145833598","0.0004924707145833598","6028","6028","6028"
"39249","0.0004924515919877731","0.0004924515919877731","0.0004924515919877731","6033","6033","6033"
"39299","0.0004924324455125214","0.0004924324455125214","0.0004924324455125214","6038","6038","6038"
"39349","0.0004924132751594952","0.0004924132751594952","0.0004924132751594952","6042","6042","6042"
"39399","0.000492394080930586","0.000492394080930586","0.000492394080930586","6047","6047","6047"
"39449","0.0004923748628276882","0.0004923748628276882","0.0004923748628276882","6052","6052","6052"
"39499","0.0004923556208526983","0.0004923556208526983","0.0004923556208526983","6057","6057","6057"
"39549","0.0004923363550075154","0.0004923363550075154","0.0004923363550075154","6061","6061","6061"
"39599","0.0004923170652940412","0.0004923170652940412","0.0004923170652940412","6066","6066","6066"
"39649","0.0004922977517141792","0.0004922977517141792","0.0004922977517141792","6071","6071","6071"
"39699","0.0004922784142698364","0.0004922784142698364","0.0004922784142698364","6075","6075","6075"
"39749","0.0004922590529629204","0.0004922590529629204","0.0004922590529629204","6080","6080","6080"
"39799","0.0004922396677953424","0.0004922396677953424","0.0004922396677953424","6085","6085","6085"
"39816","0.000491906471128297","0.000491906471128297","0.000491906471128297","6088","6088","6088"
"39849","0.0004922202587690157","0.0004922202587690157","0.0004922202587690157","6090","6090","6090"
"39874","0.0004918866567982498","0.0004918866567982498","0.0004918866567982498","6093","6093","6093"
"39899","0.0004922008258858562","0.0004922008258858562","0.0004922008258858562","6094","6094","6094"
"39932","0.0004918668186442938","0.0004918668186442938","0.0004918668186442938","6098","6098","6098"
"39949","0.0004921813691477813","0.0004921813691477813","0.0004921813691477813","6099","6099","6099"
"39961","0.0004918469566683883","0.0004918469566683883","0.0004918469566683883","6102","6102","6102"
"39999","0.0004921618885567119","0.0004921618885567119","0.0004921618885567119","6104","6104","6104"
"40019","0.0004918270708724931","0.0004918270708724931","0.0004918270708724931","6107","6107","6107"
"40049","0.0004921423841145703","0.0004921423841145703","0.0004921423841145703","6109","6109","6109"
"40077","0.000491807161258571","0.000491807161258571","0.000491807161258571","6112","6112","6112"
"40099","0.0004921228558232815","0.0004921228558232815","0.0004921228558232815","6113","6113","6113"
"40135","0.0004917872278285869","0.0004917872278285869","0.0004917872278285869","6117","6117","6117"
"40149","0.0004921033036847725","0.0004921033036847725","0.0004921033036847725","6118","6118","6118"
"40164","0.0004917672705845078","0.0004917672705845078","0.0004917672705845078","6121","6121","6121"
"40199","0.0004920837277009734","0.0004920837277009734","0.0004920837277009734","6123","6123","6123"
"40222","0.0004917472895283044","0.0004917472895283044","0.0004917472895283044","6126","6126","6126"
"40249","0.0004920641278738163","0.0004920641278738163","0.0004920641278738163","6127","6127","6127"
"40280","0.0004917272846619481","0.0004917272846619481","0.0004917272846619481","6131","6131","6131"
"40299","0.0004920445042052358","0.0004920445042052358","0.0004920445042052358","6132","6132","6132"
"40309","0.0004917072559874126","0.0004917072559874126","0.0004917072559874126","6135","6135","6135"
"40349","0.0004920248566971679","0.0004920248566971679","0.0004920248566971679","6137","6137","6137"
"40367","0.0004916872035066758","0.0004916872035066758","0.0004916872035066758","6140","6140","6140"
"40399","0.0004920051853515532","0.0004920051853515532","0.0004920051853515532","6142","6142","6142"
"40425","0.0004916671272217161","0.0004916671272217161","0.0004916671272217161","6145","6145","6145"
"40449","0.000491985490170332","0.000491985490170332","0.000491985490170332","6146","6146","6146"
"40483","0.0004916470271345151","0.0004916470271345151","0.0004916470271345151","6150","6150","6150"
"40499","0.0004919657711554484","0.0004919657711554484","0.0004919657711554484","6151","6151","6151"
"40512","0.0004916269032470566","0.0004916269032470566","0.0004916269032470566","6154","6154","6154"
"40549","0.0004919460283088486","0.0004919460283088486","0.0004919460283088486","6156","6156","6156"
"40570","0.000491606755561327","0.000491606755561327","0.000491606755561327","6159","6159","6159"
"40599","0.0004919262616324811","0.0004919262616324811","0.0004919262616324811","6160","6160","6160"
"40600","0.0004913198501783358","0.0004910537796218193","0.0004915865840793147","6225.6","6164","6287"
"40649","0.000491906471128297","0.000491906471128297","0.000491906471128297","6289","6289","6289"
"40650","0.0004910329664004014","0.0004910329664004014","0.0004910329664004014","6291","6291","6291"
"40699","0.0004918866567982498","0.0004918866567982498","0.0004918866567982498","6294","6294","6294"
"40700","0.0004910121294393316","0.0004910121294393316","0.0004910121294393316","6296","6296","6296"
"40749","0.0004918668186442938","0.0004918668186442938","0.0004918668186442938","6299","6299","6299"
"40750","0.000490991268740666","0.000490991268740666","0.000490991268740666","6301","6301","6301"
"40799","0.0004918469566683883","0.0004918469566683883","0.0004918469566683883","6303","6303","6303"
"40802","0.0004909703843064642","0.0004909703843064642","0.0004909703843064642","6306","6306","6306"
"40849","0.0004918270708724931","0.0004918270708724931","0.0004918270708724931","6308","6308","6308"
"40850","0.0004909494761387866","0.0004909494761387866","0.0004909494761387866","6310","6310","6310"
"40899","0.000491807161258571","0.000491807161258571","0.000491807161258571","6313","6313","6313"
"40900","0.000490928544239697","0.000490928544239697","0.000490928544239697","6315","6315","6315"
"40949","0.0004917872278285869","0.0004917872278285869","0.0004917872278285869","6318","6318","6318"
"40950","0.0004909075886112615","0.0004909075886112615","0.0004909075886112615","6320","6320","6320"
"40999","0.0004917672705845078","0.0004917672705845078","0.0004917672705845078","6322","6322","6322"
"41000","0.0004908866092555481","0.0004908866092555481","0.0004908866092555481","6324","6324","6324"
"41049","0.0004917472895283044","0.0004917472895283044","0.0004917472895283044","6327","6327","6327"
"41050","0.0004908656061746278","0.0004908656061746278","0.0004908656061746278","6329","6329","6329"
"41099","0.0004917272846619481","0.0004917272846619481","0.0004917272846619481","6332","6332","6332"
"41100","0.0004908445793705732","0.0004908445793705732","0.0004908445793705732","6334","6334","6334"
"41149","0.0004917072559874126","0.0004917072559874126","0.0004917072559874126","6336","6336","6336"
"41150","0.0004908235288454598","0.0004908235288454598","0.0004908235288454598","6339","6339","6339"
"41199","0.0004916872035066758","0.0004916872035066758","0.0004916872035066758","6341","6341","6341"
"41200","0.0004908024546013647","0.0004908024546013647","0.0004908024546013647","6343","6343","6343"
"41249","0.0004916671272217161","0.0004916671272217161","0.0004916671272217161","6346","6346","6346"
"41250","0.0004907813566403684","0.0004907813566403684","0.0004907813566403684","6348","6348","6348"
"41299","0.0004916470271345151","0.0004916470271345151","0.0004916470271345151","6351","6351","6351"
"41300","0.0004907602349645526","0.0004907602349645526","0.0004907602349645526","6353","6353","6353"
"41349","0.0004916269032470566","0.0004916269032470566","0.0004916269032470566","6355","6355","6355"
"41350","0.0004907390895760027","0.0004907390895760027","0.0004907390895760027","6357","6357","6357"
"41399","0.000491606755561327","0.000491606755561327","0.000491606755561327","6360","6360","6360"
"41449","0.0004915865840793147","0.0004915865840793147","0.0004915865840793147","6365","6365","6365"
"41499","0.0004915663888030102","0.0004915663888030102","0.0004915663888030102","6370","6370","6370"
"41549","0.000491546169734407","0.000491546169734407","0.000491546169734407","6374","6374","6374"
"41599","0.0004915259268755012","0.0004915259268755012","0.0004915259268755012","6379","6379","6379"
"41649","0.0004915056602282897","0.0004915056602282897","0.0004915056602282897","6384","6384","6384"
"41699","0.0004914853697947733","0.0004914853697947733","0.0004914853697947733","6388","6388","6388"
"41749","0.0004914650555769543","0.0004914650555769543","0.0004914650555769543","6393","6393","6393"
"41799","0.0004914447175768377","0.0004914447175768377","0.0004914447175768377","6398","6398","6398"
"41849","0.0004914243557964309","0.0004914243557964309","0.0004914243557964309","6403","6403","6403"
"41899","0.0004914039702377438","0.0004914039702377438","0.0004914039702377438","6407","6407","6407"
"41949","0.0004913835609027879","0.0004913835609027879","0.0004913835609027879","6412","6412","6412"
"41999","0.000491363127793578","0.000491363127793578","0.000491363127793578","6417","6417","6417"
"42049","0.0004913426709121302","0.0004913426709121302","0.0004913426709121302","6421","6421","6421"
"42099","0.0004913221902604635","0.0004913221902604635","0.0004913221902604635","6426","6426","6426"
"42149","0.000491301685840599","0.000491301685840599","0.000491301685840599","6431","6431","6431"
"42199","0.0004912811576545617","0.0004912811576545617","0.0004912811576545617","6436","6436","6436"
"42249","0.0004912606057043764","0.0004912606057043764","0.0004912606057043764","6440","6440","6440"
"42299","0.0004912400299920718","0.0004912400299920718","0.0004912400299920718","6445","6445","6445"
"42349","0.0004912194305196794","0.0004912194305196794","0.0004912194305196794","6450","6450","6450"
"42399","0.0004911988072892318","0.0004911988072892318","0.0004911988072892318","6455","6455","6455"
"42449","0.0004911781603027641","0.0004911781603027641","0.0004911781603027641","6459","6459","6459"
"42499","0.0004911574895623141","0.0004911574895623141","0.0004911574895623141","6464","6464","6464"
"42549","0.0004911367950699223","0.0004911367950699223","0.0004911367950699223","6469","6469","6469"
"42599","0.000491116076827631","0.000491116076827631","0.000491116076827631","6473","6473","6473"
"42649","0.0004910953348374851","0.0004910953348374851","0.0004910953348374851","6478","6478","6478"
"42699","0.0004910745691015314","0.0004910745691015314","0.0004910745691015314","6483","6483","6483"
"42716","0.000490717920476805","0.000490717920476805","0.000490717920476805","6486","6486","6486"
"42749","0.0004910537796218193","0.0004910537796218193","0.0004910537796218193","6488","6488","6488"
"42774","0.0004906967276690485","0.0004906967276690485","0.0004906967276690485","6491","6491","6491"
"42799","0.0004910329664004014","0.0004910329664004014","0.0004910329664004014","6492","6492","6492"
"42832","0.0004906755111548264","0.0004906755111548264","0.0004906755111548264","6496","6496","6496"
"42849","0.0004910121294393316","0.0004910121294393316","0.0004910121294393316","6497","6497","6497"
"42861","0.000490654270936231","0.000490654270936231","0.000490654270936231","6500","6500","6500"
"42899","0.000490991268740666","0.000490991268740666","0.000490991268740666","6502","6502","6502"
"42919","0.0004906330070153595","0.0004906330070153595","0.0004906330070153595","6505","6505","6505"
"42949","0.0004909703843064642","0.0004909703843064642","0.0004909703843064642","6507","6507","6507"
"42977","0.0004906117193943104","0.0004906117193943104","0.0004906117193943104","6510","6510","6510"
"42999","0.0004909494761387866","0.0004909494761387866","0.0004909494761387866","6511","6511","6511"
"43035","0.0004905904080751849","0.0004905904080751849","0.0004905904080751849","6515","6515","6515"
"43049","0.000490928544239697","0.000490928544239697","0.000490928544239697","6516","6516","6516"
"43064","0.000490569073060086","0.000490569073060086","0.000490569073060086","6519","6519","6519"
"43099","0.0004909075886112615","0.0004909075886112615","0.0004909075886112615","6521","6521","6521"
"43122","0.0004905477143511195","0.0004905477143511195","0.0004905477143511195","6524","6524","6524"
"43149","0.0004908866092555481","0.0004908866092555481","0.0004908866092555481","6525","6525","6525"
"43180","0.0004905263319503935","0.0004905263319503935","0.0004905263319503935","6529","6529","6529"
"43199","0.0004908656061746278","0.0004908656061746278","0.0004908656061746278","6530","6530","6530"
"43209","0.0004905049258600173","0.0004905049258600173","0.0004905049258600173","6533","6533","6533"
"43249","0.0004908445793705732","0.0004908445793705732","0.0004908445793705732","6535","6535","6535"
"43267","0.0004904834960821057","0.0004904834960821057","0.0004904834960821057","6538","6538","6538"
"43299","0.0004908235288454598","0.0004908235288454598","0.0004908235288454598","6540","6540","6540"
"43325","0.0004904620426187725","0.0004904620426187725","0.0004904620426187725","6543","6543","6543"
"43349","0.0004908024546013647","0.0004908024546013647","0.0004908024546013647","6544","6544","6544"
"43383","0.0004904405654721351","0.0004904405654721351","0.0004904405654721351","6548","6548","6548"
"43399","0.0004907813566403684","0.0004907813566403684","0.0004907813566403684","6549","6549","6549"
"43412","0.0004904190646443132","0.0004904190646443132","0.0004904190646443132","6552","6552","6552"
"43449","0.0004907602349645526","0.0004907602349645526","0.0004907602349645526","6554","6554","6554"
"43470","0.0004903975401374285","0.0004903975401374285","0.0004903975401374285","6557","6557","6557"
"43499","0.0004907390895760027","0.0004907390895760027","0.0004907390895760027","6558","6558","6558"
"43500","0.0004900912654198574","0.000489807435583949","0.0004903759919536061","6623.6","6562","6685"
"43549","0.000490717920476805","0.000490717920476805","0.000490717920476805","6687","6687","6687"
"43550","0.0004897852489343518","0.0004897852489343518","0.0004897852489343518","6689","6689","6689"
"43599","0.0004906967276690485","0.0004906967276690485","0.0004906967276690485","6692","6692","6692"
"43600","0.0004897630386682473","0.0004897630386682473","0.0004897630386682473","6694","6694","6694"
"43649","0.0004906755111548264","0.0004906755111548264","0.0004906755111548264","6697","6697","6697"
"43650","0.0004897408047878275","0.0004897408047878275","0.0004897408047878275","6699","6699","6699"
"43699","0.000490654270936231","0.000490654270936231","0.000490654270936231","6701","6701","6701"
"43702","0.0004897185472952866","0.0004897185472952866","0.0004897185472952866","6704","6704","6704"
"43749","0.0004906330070153595","0.0004906330070153595","0.0004906330070153595","6706","6706","6706"
"43750","0.0004896962661928221","0.0004896962661928221","0.0004896962661928221","6708","6708","6708"
"43799","0.0004906117193943104","0.0004906117193943104","0.0004906117193943104","6711","6711","6711"
"43800","0.0004896739614826328","0.0004896739614826328","0.0004896739614826328","6713","6713","6713"
"43849","0.0004905904080751849","0.0004905904080751849","0.0004905904080751849","6716","6716","6716"
"43850","0.0004896516331669195","0.0004896516331669195","0.0004896516331669195","6718","6718","6718"
"43899","0.000490569073060086","0.000490569073060086","0.000490569073060086","6720","6720","6720"
"43900","0.0004896292812478864","0.0004896292812478864","0.0004896292812478864","6722","6722","6722"
"43949","0.0004905477143511195","0.0004905477143511195","0.0004905477143511195","6725","6725","6725"
"43950","0.0004896069057277393","0.0004896069057277393","0.0004896069057277393","6727","6727","6727"
"43999","0.0004905263319503935","0.0004905263319503935","0.0004905263319503935","6730","6730","6730"
"44000","0.0004895845066086865","0.0004895845066086865","0.0004895845066086865","6732","6732","6732"
"44049","0.0004905049258600173","0.0004905049258600173","0.0004905049258600173","6734","6734","6734"
"44050","0.0004895620838929394","0.0004895620838929394","0.0004895620838929394","6737","6737","6737"
"44099","0.0004904834960821057","0.0004904834960821057","0.0004904834960821057","6739","6739","6739"
"44100","0.0004895396375827101","0.0004895396375827101","0.0004895396375827101","6741","6741","6741"
"44149","0.0004904620426187725","0.0004904620426187725","0.0004904620426187725","6744","6744","6744"
"44150","0.0004895171676802145","0.0004895171676802145","0.0004895171676802145","6746","6746","6746"
"44199","0.0004904405654721351","0.0004904405654721351","0.0004904405654721351","6749","6749","6749"
"44200","0.0004894946741876702","0.0004894946741876702","0.0004894946741876702","6751","6751","6751"
"44249","0.0004904190646443132","0.0004904190646443132","0.0004904190646443132","6753","6753","6753"
"44250","0.0004894721571072974","0.0004894721571072974","0.0004894721571072974","6755","6755","6755"
"44299","0.0004903975401374285","0.0004903975401374285","0.0004903975401374285","6758","6758","6758"
"44349","0.0004903759919536061","0.0004903759919536061","0.0004903759919536061","6763","6763","6763"
"44399","0.0004903544200949723","0.0004903544200949723","0.0004903544200949723","6768","6768","6768"
"44449","0.0004903328245636567","0.0004903328245636567","0.0004903328245636567","6772","6772","6772"
"44499","0.0004903112053617905","0.0004903112053617905","0.0004903112053617905","6777","6777","6777"
"44549","0.000490289562491507","0.000490289562491507","0.000490289562491507","6782","6782","6782"
"44599","0.0004902678959549424","0.0004902678959549424","0.0004902678959549424","6786","6786","6786"
"44649","0.0004902462057542347","0.0004902462057542347","0.0004902462057542347","6791","6791","6791"
"44699","0.0004902244918915251","0.0004902244918915251","0.0004902244918915251","6796","6796","6796"
"44749","0.0004902027543689573","0.0004902027543689573","0.0004902027543689573","6801","6801","6801"
"44799","0.0004901809931886754","0.0004901809931886754","0.0004901809931886754","6805","6805","6805"
"44849","0.0004901592083528281","0.0004901592083528281","0.0004901592083528281","6810","6810","6810"
"44899","0.0004901373998635657","0.0004901373998635657","0.0004901373998635657","6815","6815","6815"
"44949","0.0004901155677230396","0.0004901155677230396","0.0004901155677230396","6819","6819","6819"
"44999","0.0004900937119334055","0.0004900937119334055","0.0004900937119334055","6824","6824","6824"
"45049","0.0004900718324968198","0.0004900718324968198","0.0004900718324968198","6829","6829","6829"
"45099","0.0004900499294154423","0.0004900499294154423","0.0004900499294154423","6834","6834","6834"
"45149","0.0004900280026914343","0.0004900280026914343","0.0004900280026914343","6838","6838","6838"
"45199","0.0004900060523269603","0.0004900060523269603","0.0004900060523269603","6843","6843","6843"
"45249","0.0004899840783241868","0.0004899840783241868","0.0004899840783241868","6848","6848","6848"
"45299","0.0004899620806852821","0.0004899620806852821","0.0004899620806852821","6853","6853","6853"
"45349","0.0004899400594124175","0.0004899400594124175","0.0004899400594124175","6857","6857","6857"
"45399","0.0004899180145077668","0.0004899180145077668","0.0004899180145077668","6862","6862","6862"
"45449","0.0004898959459735052","0.0004898959459735052","0.0004898959459735052","6867","6867","6867"
"45499","0.0004898738538118112","0.0004898738538118112","0.0004898738538118112","6871","6871","6871"
"45549","0.0004898517380248648","0.0004898517380248648","0.0004898517380248648","6876","6876","6876"
"45599","0.0004898295986148494","0.0004898295986148494","0.0004898295986148494","6881","6881","6881"
"45616","0.0004894496164413181","0.0004894496164413181","0.0004894496164413181","6884","6884","6884"
"45649","0.000489807435583949","0.000489807435583949","0.000489807435583949","6886","6886","6886"
"45674","0.0004894270521919573","0.0004894270521919573","0.0004894270521919573","6889","6889","6889"
"45699","0.0004897852489343518","0.0004897852489343518","0.0004897852489343518","6890","6890","6890"
"45732","0.0004894044643614418","0.0004894044643614418","0.0004894044643614418","6894","6894","6894"
"45749","0.0004897630386682473","0.0004897630386682473","0.0004897630386682473","6895","6895","6895"
"45761","0.0004893818529520009","0.0004893818529520009","0.0004893818529520009","6898","6898","6898"
"45799","0.0004897408047878275","0.0004897408047878275","0.0004897408047878275","6900","6900","6900"
"45819","0.0004893592179658665","0.0004893592179658665","0.0004893592179658665","6903","6903","6903"
"45849","0.0004897185472952866","0.0004897185472952866","0.0004897185472952866","6905","6905","6905"
"45877","0.0004893365594052723","0.0004893365594052723","0.0004893365594052723","6908","6908","6908"
"45899","0.0004896962661928221","0.0004896962661928221","0.0004896962661928221","6909","6909","6909"
"45935","0.000489313877272455","0.000489313877272455","0.000489313877272455","6913","6913","6913"
"45949","0.0004896739614826328","0.0004896739614826328","0.0004896739614826328","6914","6914","6914"
"45964","0.0004892911715696526","0.0004892911715696526","0.0004892911715696526","6917","6917","6917"
"45999","0.0004896516331669195","0.0004896516331669195","0.0004896516331669195","6919","6919","6919"
"46022","0.0004892684422991058","0.0004892684422991058","0.0004892684422991058","6922","6922","6922"
"46049","0.0004896292812478864","0.0004896292812478864","0.0004896292812478864","6923","6923","6923"
"46080","0.0004892456894630577","0.0004892456894630577","0.0004892456894630577","6927","6927","6927"
"46099","0.0004896069057277393","0.0004896069057277393","0.0004896069057277393","6928","6928","6928"
"46109","0.0004892229130637549","0.0004892229130637549","0.0004892229130637549","6931","6931","6931"
"46149","0.0004895845066086865","0.0004895845066086865","0.0004895845066086865","6933","6933","6933"
"46167","0.0004892001131034452","0.0004892001131034452","0.0004892001131034452","6936","6936","6936"
"46199","0.0004895620838929394","0.0004895620838929394","0.0004895620838929394","6938","6938","6938"
"46225","0.0004891772895843783","0.0004891772895843783","0.0004891772895843783","6941","6941","6941"
"46249","0.0004895396375827101","0.0004895396375827101","0.0004895396375827101","6942","6942","6942"
"46283","0.0004891544425088078","0.0004891544425088078","0.0004891544425088078","6946","6946","6946"
"46299","0.0004895171676802145","0.0004895171676802145","0.0004895171676802145","6947","6947","6947"
"46312","0.0004891315718789882","0.0004891315718789882","0.0004891315718789882","6950","6950","6950"
"46349","0.0004894946741876702","0.0004894946741876702","0.0004894946741876702","6952","6952","6952"
"46370","0.0004891086776971766","0.0004891086776971766","0.0004891086776971766","6955","6955","6955"
"46399","0.0004894721571072974","0.0004894721571072974","0.0004894721571072974","6956","6956","6956"
"46400","0.0004887831353295309","0.0004884816404469407","0.0004890857599656322","7021.6","6960","7083"
"46449","0.0004894496164413181","0.0004894496164413181","0.0004894496164413181","7085","7085","7085"
"46450","0.000488458087735226","0.000488458087735226","0.000488458087735226","7087","7087","7087"
"46499","0.0004894270521919573","0.0004894270521919573","0.0004894270521919573","7090","7090","7090"
"46500","0.0004884345115379896","0.0004884345115379896","0.0004884345115379896","7092","7092","7092"
"46549","0.0004894044643614418","0.0004894044643614418","0.0004894044643614418","7095","7095","7095"
"46550","0.0004884109118575583","0.0004884109118575583","0.0004884109118575583","7097","7097","7097"
"46599","0.0004893818529520009","0.0004893818529520009","0.0004893818529520009","7099","7099","7099"
"46602","0.0004883872886962615","0.0004883872886962615","0.0004883872886962615","7102","7102","7102"
"46649","0.0004893592179658665","0.0004893592179658665","0.0004893592179658665","7104","7104","7104"
"46650","0.0004883636420564305","0.0004883636420564305","0.0004883636420564305","7106","7106","7106"
"46699","0.0004893365594052723","0.0004893365594052723","0.0004893365594052723","7109","7109","7109"
"46700","0.0004883399719403993","0.0004883399719403993","0.0004883399719403993","7111","7111","7111"
"46749","0.000489313877272455","0.000489313877272455","0.000489313877272455","7114","7114","7114"
"46750","0.000488316278350504","0.000488316278350504","0.000488316278350504","7116","7116","7116"
"46799","0.0004892911715696526","0.0004892911715696526","0.0004892911715696526","7118","7118","7118"
"46800","0.0004882925612890828","0.0004882925612890828","0.0004882925612890828","7120","7120","7120"
"46849","0.0004892684422991058","0.0004892684422991058","0.0004892684422991058","7123","7123","7123"
"46850","0.00048826882075847755","0.00048826882075847755","0.00048826882075847755","7125","7125","7125"
"46899","0.0004892456894630577","0.0004892456894630577","0.0004892456894630577","7128","7128","7128"
"46900","0.0004882450567610311","0.0004882450567610311","0.0004882450567610311","7130","7130","7130"
"46949","0.0004892229130637549","0.0004892229130637549","0.0004892229130637549","7132","7132","7132"
"46950","0.00048822126929908813","0.00048822126929908813","0.00048822126929908813","7135","7135","7135"
"46999","0.0004892001131034452","0.0004892001131034452","0.0004892001131034452","7137","7137","7137"
"47000","0.00048819745837499687","0.00048819745837499687","0.00048819745837499687","7139","7139","7139"
"47049","0.0004891772895843783","0.0004891772895843783","0.0004891772895843783","7142","7142","7142"
"47050","0.00048817362399110667","0.00048817362399110667","0.00048817362399110667","7144","7144","7144"
"47099","0.0004891544425088078","0.0004891544425088078","0.0004891544425088078","7147","7147","7147"
"47100","0.00048814976614977053","0.00048814976614977053","0.00048814976614977053","7149","7149","7149"
"47149","0.0004891315718789882","0.0004891315718789882","0.0004891315718789882","7151","7151","7151"
"47150","0.0004881258848533426","0.0004881258848533426","0.0004881258848533426","7153","7153","7153"
"47199","0.0004891086776971766","0.0004891086776971766","0.0004891086776971766","7156","7156","7156"
"47249","0.0004890857599656322","0.0004890857599656322","0.0004890857599656322","7161","7161","7161"
"47299","0.0004890628186866176","0.0004890628186866176","0.0004890628186866176","7166","7166","7166"
"47349","0.0004890398538623967","0.0004890398538623967","0.0004890398538623967","7170","7170","7170"
"47399","0.0004890168654952363","0.0004890168654952363","0.0004890168654952363","7175","7175","7175"
"47449","0.000488993853587405","0.000488993853587405","0.000488993853587405","7180","7180","7180"
"47499","0.0004889708181411741","0.0004889708181411741","0.0004889708181411741","7184","7184","7184"
"47549","0.0004889477591588167","0.0004889477591588167","0.0004889477591588167","7189","7189","7189"
"47599","0.0004889246766426092","0.0004889246766426092","0.0004889246766426092","7194","7194","7194"
"47649","0.0004889015705948294","0.0004889015705948294","0.0004889015705948294","7199","7199","7199"
"47699","0.0004888784410177583","0.0004888784410177583","0.0004888784410177583","7203","7203","7203"
"47749","0.000488855287913678","0.000488855287913678","0.000488855287913678","7208","7208","7208"
"47799","0.0004888321112848738","0.0004888321112848738","0.0004888321112848738","7213","7213","7213"
"47849","0.0004888089111336335","0.0004888089111336335","0.0004888089111336335","7217","7217","7217"
"47899","0.0004887856874622467","0.0004887856874622467","0.0004887856874622467","7222","7222","7222"
"47949","0.0004887624402730051","0.0004887624402730051","0.0004887624402730051","7227","7227","7227"
"47999","0.0004887391695682032","0.0004887391695682032","0.0004887391695682032","7232","7232","7232"
"48049","0.0004887158753501381","0.0004887158753501381","0.0004887158753501381","7236","7236","7236"
"48099","0.0004886925576211087","0.0004886925576211087","0.0004886925576211087","7241","7241","7241"
"48149","0.0004886692163834162","0.0004886692163834162","0.0004886692163834162","7246","7246","7246"
"48199","0.0004886458516393647","0.0004886458516393647","0.0004886458516393647","7251","7251","7251"
"48249","0.0004886224633912599","0.0004886224633912599","0.0004886224633912599","7255","7255","7255"
"48299","0.0004885990516414099","0.0004885990516414099","0.0004885990516414099","7260","7260","7260"
"48349","0.0004885756163921258","0.0004885756163921258","0.0004885756163921258","7265","7265","7265"
"48399","0.0004885521576457202","0.0004885521576457202","0.0004885521576457202","7269","7269","7269"
"48449","0.000488528675404509","0.000488528675404509","0.000488528675404509","7274","7274","7274"
"48499","0.0004885051696708091","0.0004885051696708091","0.0004885051696708091","7279","7279","7279"
"48516","0.0004881019801041802","0.0004881019801041802","0.0004881019801041802","7282","7282","7282"
"48549","0.0004884816404469407","0.0004884816404469407","0.0004884816404469407","7284","7284","7284"
"48574","0.00048807805190464234","0.00048807805190464234","0.00048807805190464234","7287","7287","7287"
"48599","0.000488458087735226","0.000488458087735226","0.000488458087735226","7288","7288","7288"
"48632","0.00048805410025709074","0.00048805410025709074","0.00048805410025709074","7292","7292","7292"
"48649","0.0004884345115379896","0.0004884345115379896","0.0004884345115379896","7293","7293","7293"
"48661","0.0004880301251638899","0.0004880301251638899","0.0004880301251638899","7296","7296","7296"
"48699","0.0004884109118575583","0.0004884109118575583","0.0004884109118575583","7298","7298","7298"
"48719","0.00048800612662740494","0.00048800612662740494","0.00048800612662740494","7301","7301","7301"
"48749","0.0004883872886962615","0.0004883872886962615","0.0004883872886962615","7303","7303","7303"
"48777","0.00048798210465000516","0.00048798210465000516","0.00048798210465000516","7306","7306","7306"
"48799","0.0004883636420564305","0.0004883636420564305","0.0004883636420564305","7307","7307","7307"
"48835","0.0004879580592340614","0.0004879580592340614","0.0004879580592340614","7311","7311","7311"
"48849","0.0004883399719403993","0.0004883399719403993","0.0004883399719403993","7312","7312","7312"
"48864","0.0004879339903819469","0.0004879339903819469","0.0004879339903819469","7315","7315","7315"
"48899","0.000488316278350504","0.000488316278350504","0.000488316278350504","7317","7317","7317"
"48922","0.0004879098980960369","0.0004879098980960369","0.0004879098980960369","7320","7320","7320"
"48949","0.0004882925612890828","0.0004882925612890828","0.0004882925612890828","7321","7321","7321"
"48980","0.0004878857823787095","0.0004878857823787095","0.0004878857823787095","7325","7325","7325"
"48999","0.00048826882075847755","0.00048826882075847755","0.00048826882075847755","7326","7326","7326"
"49009","0.0004878616432323446","0.0004878616432323446","0.0004878616432323446","7329","7329","7329"
"49049","0.0004882450567610311","0.0004882450567610311","0.0004882450567610311","7331","7331","7331"
"49067","0.00048783748065932476","0.00048783748065932476","0.00048783748065932476","7334","7334","7334"
"49099","0.00048822126929908813","0.00048822126929908813","0.00048822126929908813","7336","7336","7336"
"49125","0.00048781329466203476","0.00048781329466203476","0.00048781329466203476","7339","7339","7339"
"49149","0.00048819745837499687","0.00048819745837499687","0.00048819745837499687","7340","7340","7340"
"49183","0.00048778908524286146","0.00048778908524286146","0.00048778908524286146","7344","7344","7344"
"49199","0.00048817362399110667","0.00048817362399110667","0.00048817362399110667","7345","7345","7345"
"49212","0.0004877648524041941","0.0004877648524041941","0.0004877648524041941","7348","7348","7348"
"49249","0.00048814976614977053","0.00048814976614977053","0.00048814976614977053","7350","7350","7350"
"49270","0.00048774059614842464","0.00048774059614842464","0.00048774059614842464","7353","7353","7353"
"49299","0.0004881258848533426","0.0004881258848533426","0.0004881258848533426","7354","7354","7354"
"49300","0.00048739589421221074","0.00048707683438057334","0.0004877163164779473","7419.6","7358","7481"
"49349","0.0004881019801041802","0.0004881019801041802","0.0004881019801041802","7483","7483","7483"
"49350","0.0004870519234263458","0.0004870519234263458","0.0004870519234263458","7485","7485","7485"
"49399","0.00048807805190464234","0.00048807805190464234","0.00048807805190464234","7488","7488","7488"
"49400","0.00048702698912537915","0.00048702698912537915","0.00048702698912537915","7490","7490","7490"
"49449","0.00048805410025709074","0.00048805410025709074","0.00048805410025709074","7493","7493","7493"
"49450","0.0004870020314801346","0.0004870020314801346","0.0004870020314801346","7495","7495","7495"
"49499","0.0004880301251638899","0.0004880301251638899","0.0004880301251638899","7497","7497","7497"
"49502","0.0004869770504930752","0.0004869770504930752","0.0004869770504930752","7500","7500","7500"
"49549","0.00048800612662740494","0.00048800612662740494","0.00048800612662740494","7502","7502","7502"
"49550","0.00048695204616666725","0.00048695204616666725","0.00048695204616666725","7504","7504","7504"
"49599","0.00048798210465000516","0.00048798210465000516","0.00048798210465000516","7507","7507","7507"
"49649","0.0004879580592340614","0.0004879580592340614","0.0004879580592340614","7512","7512","7512"
"49699","0.0004879339903819469","0.0004879339903819469","0.0004879339903819469","7516","7516","7516"
"49749","0.0004879098980960369","0.0004879098980960369","0.0004879098980960369","7521","7521","7521"
"49799","0.0004878857823787095","0.0004878857823787095","0.0004878857823787095","7526","7526","7526"
"49849","0.0004878616432323446","0.0004878616432323446","0.0004878616432323446","7530","7530","7530"
"49899","0.00048783748065932476","0.00048783748065932476","0.00048783748065932476","7535","7535","7535"
"49949","0.00048781329466203476","0.00048781329466203476","0.00048781329466203476","7540","7540","7540"
"49999","0.00048778908524286146","0.00048778908524286146","0.00048778908524286146","7545","7545","7545"
"50049","0.0004877648524041941","0.0004877648524041941","0.0004877648524041941","7549","7549","7549"
"50099","0.00048774059614842464","0.00048774059614842464","0.00048774059614842464","7554","7554","7554"
"50149","0.0004877163164779473","0.0004877163164779473","0.0004877163164779473","7559","7559","7559"
"50199","0.00048769201339515794","0.00048769201339515794","0.00048769201339515794","7564","7564","7564"
"50249","0.00048766768690245555","0.00048766768690245555","0.00048766768690245555","7568","7568","7568"
"50299","0.00048764333700224074","0.00048764333700224074","0.00048764333700224074","7573","7573","7573"
"50349","0.0004876189636969169","0.0004876189636969169","0.0004876189636969169","7578","7578","7578"
"50399","0.0004875945669888897","0.0004875945669888897","0.0004875945669888897","7582","7582","7582"
"50449","0.00048757014688056706","0.00048757014688056706","0.00048757014688056706","7587","7587","7587"
"50499","0.00048754570337435847","0.00048754570337435847","0.00048754570337435847","7592","7592","7592"
"50549","0.0004875212364726772","0.0004875212364726772","0.0004875212364726772","7597","7597","7597"
"50599","0.0004874967461779375","0.0004874967461779375","0.0004874967461779375","7601","7601","7601"
"50649","0.000487472232492557","0.000487472232492557","0.000487472232492557","7606","7606","7606"
"50699","0.0004874476954189545","0.0004874476954189545","0.0004874476954189545","7611","7611","7611"
"50749","0.00048742313495955206","0.00048742313495955206","0.00048742313495955206","7615","7615","7615"
"50799","0.00048739855111677363","0.00048739855111677363","0.00048739855111677363","7620","7620","7620"
"50849","0.00048737394389304596","0.00048737394389304596","0.00048737394389304596","7625","7625","7625"
"50899","0.00048734931329079737","0.00048734931329079737","0.00048734931329079737","7630","7630","7630"
"50949","0.00048732465931245877","0.00048732465931245877","0.00048732465931245877","7634","7634","7634"
"50999","0.00048729998196046304","0.00048729998196046304","0.00048729998196046304","7639","7639","7639"
"51049","0.0004872752812372462","0.0004872752812372462","0.0004872752812372462","7644","7644","7644"
"51099","0.0004872505571452459","0.0004872505571452459","0.0004872505571452459","7649","7649","7649"
"51149","0.00048722580968690247","0.00048722580968690247","0.00048722580968690247","7653","7653","7653"
"51199","0.000487201038864658","0.000487201038864658","0.000487201038864658","7658","7658","7658"
"51249","0.0004871762446809579","0.0004871762446809579","0.0004871762446809579","7663","7663","7663"
"51299","0.00048715142713824894","0.00048715142713824894","0.00048715142713824894","7667","7667","7667"
"51349","0.00048712658623898016","0.00048712658623898016","0.00048712658623898016","7672","7672","7672"