"trainer/global_step","lightgen-pointuv_256res_batch32 - epoch","lightgen-pointuv_256res_batch32 - epoch__MIN","lightgen-pointuv_256res_batch32 - epoch__MAX","lightgen-pointuv_256res_batch32 - _step","lightgen-pointuv_256res_batch32 - _step__MIN","lightgen-pointuv_256res_batch32 - _step__MAX"
"1","1239","1239","1239","5399","5399","5399"
"2","1246","1246","1246","5416","5416","5416"
"3","1252","1252","1252","5433","5433","5433"
"6","1270","1270","1270","5484","5484","5484"
"9","1339","1339","1339","5797","5797","5797"
"10","1346","1346","1346","5814","5814","5814"
"11","1352","1352","1352","5831","5831","5831"
"14","1370","1370","1370","5882","5882","5882"
"17","1439","1439","1439","6195","6195","6195"
"18","1446","1446","1446","6212","6212","6212"
"19","1452","1452","1452","6229","6229","6229"
"22","1470","1470","1470","6280","6280","6280"
"25","1539","1539","1539","6593","6593","6593"
"26","1546","1546","1546","6610","6610","6610"
"27","1552","1552","1552","6627","6627","6627"
"28","0","0","0","33","33","33"
"30","1570","1570","1570","6678","6678","6678"
"33","1639","1639","1639","6991","6991","6991"
"34","1646","1646","1646","7008","7008","7008"
"35","1652","1652","1652","7025","7025","7025"
"38","1670","1670","1670","7076","7076","7076"
"41","1739","1739","1739","7389","7389","7389"
"42","1746","1746","1746","7406","7406","7406"
"43","1752","1752","1752","7423","7423","7423"
"46","1770","1770","1770","7474","7474","7474"
"49","1","1","1","35","35","35"
"57","1","1","1","37","37","37"
"86","2","2","2","38","38","38"
"99","3","3","3","40","40","40"
"115","3","3","3","42","42","42"
"144","4","4","4","43","43","43"
"149","5","5","5","45","45","45"
"173","5","5","5","47","47","47"
"199","6","6","6","49","49","49"
"202","6","6","6","51","51","51"
"231","7","7","7","52","52","52"
"249","8","8","8","54","54","54"
"260","8","8","8","56","56","56"
"289","9","9","9","57","57","57"
"299","10","10","10","59","59","59"
"318","10","10","10","61","61","61"
"347","11","11","11","62","62","62"
"349","12","12","12","64","64","64"
"376","12","12","12","66","66","66"
"399","13","13","13","68","68","68"
"405","13","13","13","70","70","70"
"434","14","14","14","71","71","71"
"449","15","15","15","73","73","73"
"463","15","15","15","75","75","75"
"492","16","16","16","76","76","76"
"499","17","17","17","78","78","78"
"521","17","17","17","80","80","80"
"549","18","18","18","82","82","82"
"550","18","18","18","84","84","84"
"579","19","19","19","85","85","85"
"599","20","20","20","87","87","87"
"608","20","20","20","89","89","89"
"637","21","21","21","90","90","90"
"649","22","22","22","92","92","92"
"666","22","22","22","94","94","94"
"695","23","23","23","95","95","95"
"699","24","24","24","97","97","97"
"724","24","24","24","99","99","99"
"749","25","25","25","101","101","101"
"753","25","25","25","103","103","103"
"782","26","26","26","104","104","104"
"799","27","27","27","106","106","106"
"811","27","27","27","108","108","108"
"840","28","28","28","109","109","109"
"849","29","29","29","111","111","111"
"869","29","29","29","113","113","113"
"898","30","30","30","114","114","114"
"899","31","31","31","116","116","116"
"927","31","31","31","118","118","118"
"949","32","32","32","120","120","120"
"956","32","32","32","122","122","122"
"985","33","33","33","123","123","123"
"999","34","34","34","125","125","125"
"1014","34","34","34","127","127","127"
"1043","35","35","35","128","128","128"
"1049","36","36","36","130","130","130"
"1072","36","36","36","132","132","132"
"1099","37","37","37","134","134","134"
"1101","37","37","37","136","136","136"
"1130","38","38","38","137","137","137"
"1149","39","39","39","139","139","139"
"1159","39","39","39","141","141","141"
"1188","40","40","40","142","142","142"
"1199","41","41","41","144","144","144"
"1217","41","41","41","146","146","146"
"1246","42","42","42","147","147","147"
"1249","43","43","43","149","149","149"
"1275","43","43","43","151","151","151"
"1299","44","44","44","153","153","153"
"1304","44","44","44","155","155","155"
"1333","45","45","45","156","156","156"
"1349","46","46","46","158","158","158"
"1362","46","46","46","160","160","160"
"1391","47","47","47","161","161","161"
"1399","48","48","48","163","163","163"
"1420","48","48","48","165","165","165"
"1449","49","49","49","167.5","167","168"
"1478","50","50","50","170","170","170"
"1499","51","51","51","172","172","172"
"1507","51","51","51","174","174","174"
"1536","52","52","52","175","175","175"
"1549","53","53","53","177","177","177"
"1565","53","53","53","179","179","179"
"1594","54","54","54","180","180","180"
"1599","55","55","55","182","182","182"
"1623","55","55","55","184","184","184"
"1649","56","56","56","186","186","186"
"1652","56","56","56","188","188","188"
"1681","57","57","57","189","189","189"
"1699","58","58","58","191","191","191"
"1710","58","58","58","193","193","193"
"1739","59","59","59","194","194","194"
"1749","60","60","60","196","196","196"
"1768","60","60","60","198","198","198"
"1797","61","61","61","199","199","199"
"1799","62","62","62","201","201","201"
"1826","62","62","62","203","203","203"
"1849","63","63","63","205","205","205"
"1855","63","63","63","207","207","207"
"1884","64","64","64","208","208","208"
"1899","65","65","65","210","210","210"
"1913","65","65","65","212","212","212"
"1942","66","66","66","213","213","213"
"1949","67","67","67","215","215","215"
"1971","67","67","67","217","217","217"
"1999","68","68","68","219","219","219"
"2000","68","68","68","221","221","221"
"2029","69","69","69","222","222","222"
"2049","70","70","70","224","224","224"
"2058","70","70","70","226","226","226"
"2087","71","71","71","227","227","227"
"2099","72","72","72","229","229","229"
"2116","72","72","72","231","231","231"
"2145","73","73","73","232","232","232"
"2149","74","74","74","234","234","234"
"2174","74","74","74","236","236","236"
"2199","75","75","75","238","238","238"
"2203","75","75","75","240","240","240"
"2232","76","76","76","241","241","241"
"2249","77","77","77","243","243","243"
"2261","77","77","77","245","245","245"
"2290","78","78","78","246","246","246"
"2299","79","79","79","248","248","248"
"2319","79","79","79","250","250","250"
"2348","80","80","80","251","251","251"
"2349","81","81","81","253","253","253"
"2377","81","81","81","255","255","255"
"2399","82","82","82","257","257","257"
"2406","82","82","82","259","259","259"
"2435","83","83","83","260","260","260"
"2449","84","84","84","262","262","262"
"2464","84","84","84","264","264","264"
"2493","85","85","85","265","265","265"
"2499","86","86","86","267","267","267"
"2522","86","86","86","269","269","269"
"2549","87","87","87","271","271","271"
"2551","87","87","87","273","273","273"
"2580","88","88","88","274","274","274"
"2599","89","89","89","276","276","276"
"2609","89","89","89","278","278","278"
"2638","90","90","90","279","279","279"
"2649","91","91","91","281","281","281"
"2667","91","91","91","283","283","283"
"2696","92","92","92","284","284","284"
"2699","93","93","93","286","286","286"
"2725","93","93","93","288","288","288"
"2749","94","94","94","290","290","290"
"2754","94","94","94","292","292","292"
"2783","95","95","95","293","293","293"
"2799","96","96","96","295","295","295"
"2812","96","96","96","297","297","297"
"2841","97","97","97","298","298","298"
"2849","98","98","98","300","300","300"
"2870","98","98","98","302","302","302"
"2899","99","99","99","387","304","429"
"2928","100","100","100","431","431","431"
"2949","101","101","101","433","433","433"
"2957","101","101","101","435","435","435"
"2986","102","102","102","436","436","436"
"2999","103","103","103","438","438","438"
"3015","103","103","103","440","440","440"
"3044","104","104","104","441","441","441"
"3049","105","105","105","443","443","443"
"3073","105","105","105","445","445","445"
"3099","106","106","106","447","447","447"
"3102","106","106","106","449","449","449"
"3131","107","107","107","450","450","450"
"3149","108","108","108","452","452","452"
"3160","108","108","108","454","454","454"
"3189","109","109","109","455","455","455"
"3199","110","110","110","457","457","457"
"3218","110","110","110","459","459","459"
"3247","111","111","111","460","460","460"
"3249","112","112","112","462","462","462"
"3276","112","112","112","464","464","464"
"3299","113","113","113","466","466","466"
"3305","113","113","113","468","468","468"
"3334","114","114","114","469","469","469"
"3349","115","115","115","471","471","471"
"3363","115","115","115","473","473","473"
"3392","116","116","116","474","474","474"
"3399","117","117","117","476","476","476"
"3421","117","117","117","478","478","478"
"3449","118","118","118","480","480","480"
"3450","118","118","118","482","482","482"
"3479","119","119","119","483","483","483"
"3499","120","120","120","485","485","485"
"3508","120","120","120","487","487","487"
"3537","121","121","121","488","488","488"
"3549","122","122","122","490","490","490"
"3566","122","122","122","492","492","492"
"3595","123","123","123","493","493","493"
"3599","124","124","124","495","495","495"
"3624","124","124","124","497","497","497"
"3649","125","125","125","499","499","499"
"3653","125","125","125","501","501","501"
"3682","126","126","126","502","502","502"
"3699","127","127","127","504","504","504"
"3711","127","127","127","506","506","506"
"3740","128","128","128","507","507","507"
"3749","129","129","129","509","509","509"
"3769","129","129","129","511","511","511"
"3798","130","130","130","512","512","512"
"3799","131","131","131","514","514","514"
"3827","131","131","131","516","516","516"
"3849","132","132","132","518","518","518"
"3856","132","132","132","520","520","520"
"3885","133","133","133","521","521","521"
"3899","134","134","134","523","523","523"
"3914","134","134","134","525","525","525"
"3943","135","135","135","526","526","526"
"3949","136","136","136","528","528","528"
"3972","136","136","136","530","530","530"
"3999","137","137","137","532","532","532"
"4001","137","137","137","534","534","534"
"4030","138","138","138","535","535","535"
"4049","139","139","139","537","537","537"
"4059","139","139","139","539","539","539"
"4088","140","140","140","540","540","540"
"4099","141","141","141","542","542","542"
"4117","141","141","141","544","544","544"
"4146","142","142","142","545","545","545"
"4149","143","143","143","547","547","547"
"4175","143","143","143","549","549","549"
"4199","144","144","144","551","551","551"
"4204","144","144","144","553","553","553"
"4233","145","145","145","554","554","554"
"4249","146","146","146","556","556","556"
"4262","146","146","146","558","558","558"
"4291","147","147","147","559","559","559"
"4299","148","148","148","561","561","561"
"4320","148","148","148","563","563","563"
"4349","149","149","149","565.5","565","566"
"4378","150","150","150","568","568","568"
"4399","151","151","151","570","570","570"
"4407","151","151","151","572","572","572"
"4436","152","152","152","573","573","573"
"4449","153","153","153","575","575","575"
"4465","153","153","153","577","577","577"
"4494","154","154","154","578","578","578"
"4499","155","155","155","580","580","580"
"4523","155","155","155","582","582","582"
"4549","156","156","156","584","584","584"
"4552","156","156","156","586","586","586"
"4581","157","157","157","587","587","587"
"4599","158","158","158","589","589","589"
"4610","158","158","158","591","591","591"
"4639","159","159","159","592","592","592"
"4649","160","160","160","594","594","594"
"4668","160","160","160","596","596","596"
"4697","161","161","161","597","597","597"
"4699","162","162","162","599","599","599"
"4726","162","162","162","601","601","601"
"4749","163","163","163","603","603","603"
"4755","163","163","163","605","605","605"
"4784","164","164","164","606","606","606"
"4799","165","165","165","608","608","608"
"4813","165","165","165","610","610","610"
"4842","166","166","166","611","611","611"
"4849","167","167","167","613","613","613"
"4871","167","167","167","615","615","615"
"4899","168","168","168","617","617","617"
"4900","168","168","168","619","619","619"
"4929","169","169","169","620","620","620"
"4949","170","170","170","622","622","622"
"4958","170","170","170","624","624","624"
"4987","171","171","171","625","625","625"
"4999","172","172","172","627","627","627"
"5016","172","172","172","629","629","629"
"5045","173","173","173","630","630","630"
"5049","174","174","174","632","632","632"
"5074","174","174","174","634","634","634"
"5099","175","175","175","636","636","636"
"5103","175","175","175","638","638","638"
"5132","176","176","176","639","639","639"
"5149","177","177","177","641","641","641"
"5161","177","177","177","643","643","643"
"5190","178","178","178","644","644","644"
"5199","179","179","179","646","646","646"
"5219","179","179","179","648","648","648"
"5248","180","180","180","649","649","649"
"5249","181","181","181","651","651","651"
"5277","181","181","181","653","653","653"
"5299","182","182","182","655","655","655"
"5306","182","182","182","657","657","657"
"5335","183","183","183","658","658","658"
"5349","184","184","184","660","660","660"
"5364","184","184","184","662","662","662"
"5393","185","185","185","663","663","663"
"5399","186","186","186","665","665","665"
"5422","186","186","186","667","667","667"
"5449","187","187","187","669","669","669"
"5451","187","187","187","671","671","671"
"5480","188","188","188","672","672","672"
"5499","189","189","189","674","674","674"
"5509","189","189","189","676","676","676"
"5538","190","190","190","677","677","677"
"5549","191","191","191","679","679","679"
"5567","191","191","191","681","681","681"
"5596","192","192","192","682","682","682"
"5599","193","193","193","684","684","684"
"5625","193","193","193","686","686","686"
"5649","194","194","194","688","688","688"
"5654","194","194","194","690","690","690"
"5683","195","195","195","691","691","691"
"5699","196","196","196","693","693","693"
"5712","196","196","196","695","695","695"
"5741","197","197","197","696","696","696"
"5749","198","198","198","698","698","698"
"5770","198","198","198","700","700","700"
"5799","199","199","199","785","702","827"
"5828","200","200","200","829","829","829"
"5849","201","201","201","831","831","831"
"5857","201","201","201","833","833","833"
"5886","202","202","202","834","834","834"
"5899","203","203","203","836","836","836"
"5915","203","203","203","838","838","838"
"5944","204","204","204","839","839","839"
"5949","205","205","205","841","841","841"
"5973","205","205","205","843","843","843"
"5999","206","206","206","845","845","845"
"6002","206","206","206","847","847","847"
"6031","207","207","207","848","848","848"
"6049","208","208","208","850","850","850"
"6060","208","208","208","852","852","852"
"6089","209","209","209","853","853","853"
"6099","210","210","210","855","855","855"
"6118","210","210","210","857","857","857"
"6147","211","211","211","858","858","858"
"6149","212","212","212","860","860","860"
"6176","212","212","212","862","862","862"
"6199","213","213","213","864","864","864"
"6205","213","213","213","866","866","866"
"6234","214","214","214","867","867","867"
"6249","215","215","215","869","869","869"
"6263","215","215","215","871","871","871"
"6292","216","216","216","872","872","872"
"6299","217","217","217","874","874","874"
"6321","217","217","217","876","876","876"
"6349","218","218","218","878","878","878"
"6350","218","218","218","880","880","880"
"6379","219","219","219","881","881","881"
"6399","220","220","220","883","883","883"
"6408","220","220","220","885","885","885"
"6437","221","221","221","886","886","886"
"6449","222","222","222","888","888","888"
"6466","222","222","222","890","890","890"
"6495","223","223","223","891","891","891"
"6499","224","224","224","893","893","893"
"6524","224","224","224","895","895","895"
"6549","225","225","225","897","897","897"
"6553","225","225","225","899","899","899"
"6582","226","226","226","900","900","900"
"6599","227","227","227","902","902","902"
"6611","227","227","227","904","904","904"
"6640","228","228","228","905","905","905"
"6649","229","229","229","907","907","907"
"6669","229","229","229","909","909","909"
"6698","230","230","230","910","910","910"
"6699","231","231","231","912","912","912"
"6727","231","231","231","914","914","914"
"6749","232","232","232","916","916","916"
"6756","232","232","232","918","918","918"
"6785","233","233","233","919","919","919"
"6799","234","234","234","921","921","921"
"6814","234","234","234","923","923","923"
"6843","235","235","235","924","924","924"
"6849","236","236","236","926","926","926"
"6872","236","236","236","928","928","928"
"6899","237","237","237","930","930","930"
"6901","237","237","237","932","932","932"
"6930","238","238","238","933","933","933"
"6949","239","239","239","935","935","935"
"6959","239","239","239","937","937","937"
"6988","240","240","240","938","938","938"
"6999","241","241","241","940","940","940"
"7017","241","241","241","942","942","942"
"7046","242","242","242","943","943","943"
"7049","243","243","243","945","945","945"
"7075","243","243","243","947","947","947"
"7099","244","244","244","949","949","949"
"7104","244","244","244","951","951","951"
"7133","245","245","245","952","952","952"
"7149","246","246","246","954","954","954"
"7162","246","246","246","956","956","956"
"7191","247","247","247","957","957","957"
"7199","248","248","248","959","959","959"
"7220","248","248","248","961","961","961"
"7249","249","249","249","963.5","963","964"
"7278","250","250","250","966","966","966"
"7299","251","251","251","968","968","968"
"7307","251","251","251","970","970","970"
"7336","252","252","252","971","971","971"
"7349","253","253","253","973","973","973"
"7365","253","253","253","975","975","975"
"7394","254","254","254","976","976","976"
"7399","255","255","255","978","978","978"
"7423","255","255","255","980","980","980"
"7449","256","256","256","982","982","982"
"7452","256","256","256","984","984","984"
"7481","257","257","257","985","985","985"
"7499","258","258","258","987","987","987"
"7510","258","258","258","989","989","989"
"7539","259","259","259","990","990","990"
"7549","260","260","260","992","992","992"
"7568","260","260","260","994","994","994"
"7597","261","261","261","995","995","995"
"7599","262","262","262","997","997","997"
"7626","262","262","262","999","999","999"
"7649","263","263","263","1001","1001","1001"
"7655","263","263","263","1003","1003","1003"
"7684","264","264","264","1004","1004","1004"
"7699","265","265","265","1006","1006","1006"
"7713","265","265","265","1008","1008","1008"
"7742","266","266","266","1009","1009","1009"
"7749","267","267","267","1011","1011","1011"
"7771","267","267","267","1013","1013","1013"
"7799","268","268","268","1015","1015","1015"
"7800","268","268","268","1017","1017","1017"
"7829","269","269","269","1018","1018","1018"
"7849","270","270","270","1020","1020","1020"
"7858","270","270","270","1022","1022","1022"
"7887","271","271","271","1023","1023","1023"
"7899","272","272","272","1025","1025","1025"
"7916","272","272","272","1027","1027","1027"
"7945","273","273","273","1028","1028","1028"
"7949","274","274","274","1030","1030","1030"
"7974","274","274","274","1032","1032","1032"
"7999","275","275","275","1034","1034","1034"
"8003","275","275","275","1036","1036","1036"
"8032","276","276","276","1037","1037","1037"
"8049","277","277","277","1039","1039","1039"
"8061","277","277","277","1041","1041","1041"
"8090","278","278","278","1042","1042","1042"
"8099","279","279","279","1044","1044","1044"
"8119","279","279","279","1046","1046","1046"
"8148","280","280","280","1047","1047","1047"
"8149","281","281","281","1049","1049","1049"
"8177","281","281","281","1051","1051","1051"
"8199","282","282","282","1053","1053","1053"
"8206","282","282","282","1055","1055","1055"
"8235","283","283","283","1056","1056","1056"
"8249","284","284","284","1058","1058","1058"
"8264","284","284","284","1060","1060","1060"
"8293","285","285","285","1061","1061","1061"
"8299","286","286","286","1063","1063","1063"
"8322","286","286","286","1065","1065","1065"
"8349","287","287","287","1067","1067","1067"
"8351","287","287","287","1069","1069","1069"
"8380","288","288","288","1070","1070","1070"
"8399","289","289","289","1072","1072","1072"
"8409","289","289","289","1074","1074","1074"
"8438","290","290","290","1075","1075","1075"
"8449","291","291","291","1077","1077","1077"
"8467","291","291","291","1079","1079","1079"
"8496","292","292","292","1080","1080","1080"
"8499","293","293","293","1082","1082","1082"
"8525","293","293","293","1084","1084","1084"
"8549","294","294","294","1086","1086","1086"
"8554","294","294","294","1088","1088","1088"
"8583","295","295","295","1089","1089","1089"
"8599","296","296","296","1091","1091","1091"
"8612","296","296","296","1093","1093","1093"
"8641","297","297","297","1094","1094","1094"
"8649","298","298","298","1096","1096","1096"
"8670","298","298","298","1098","1098","1098"
"8699","299","299","299","1183","1100","1225"
"8728","300","300","300","1227","1227","1227"
"8749","301","301","301","1229","1229","1229"
"8757","301","301","301","1231","1231","1231"
"8786","302","302","302","1232","1232","1232"
"8799","303","303","303","1234","1234","1234"
"8815","303","303","303","1236","1236","1236"
"8844","304","304","304","1237","1237","1237"
"8849","305","305","305","1239","1239","1239"
"8873","305","305","305","1241","1241","1241"
"8899","306","306","306","1243","1243","1243"
"8902","306","306","306","1245","1245","1245"
"8931","307","307","307","1246","1246","1246"
"8949","308","308","308","1248","1248","1248"
"8960","308","308","308","1250","1250","1250"
"8989","309","309","309","1251","1251","1251"
"8999","310","310","310","1253","1253","1253"
"9018","310","310","310","1255","1255","1255"
"9047","311","311","311","1256","1256","1256"
"9049","312","312","312","1258","1258","1258"
"9076","312","312","312","1260","1260","1260"
"9099","313","313","313","1262","1262","1262"
"9105","313","313","313","1264","1264","1264"
"9134","314","314","314","1265","1265","1265"
"9149","315","315","315","1267","1267","1267"
"9163","315","315","315","1269","1269","1269"
"9192","316","316","316","1270","1270","1270"
"9199","317","317","317","1272","1272","1272"
"9221","317","317","317","1274","1274","1274"
"9249","318","318","318","1276","1276","1276"
"9250","318","318","318","1278","1278","1278"
"9279","319","319","319","1279","1279","1279"
"9299","320","320","320","1281","1281","1281"
"9308","320","320","320","1283","1283","1283"
"9337","321","321","321","1284","1284","1284"
"9349","322","322","322","1286","1286","1286"
"9366","322","322","322","1288","1288","1288"
"9395","323","323","323","1289","1289","1289"
"9399","324","324","324","1291","1291","1291"
"9424","324","324","324","1293","1293","1293"
"9449","325","325","325","1295","1295","1295"
"9453","325","325","325","1297","1297","1297"
"9482","326","326","326","1298","1298","1298"
"9499","327","327","327","1300","1300","1300"
"9511","327","327","327","1302","1302","1302"
"9540","328","328","328","1303","1303","1303"
"9549","329","329","329","1305","1305","1305"
"9569","329","329","329","1307","1307","1307"
"9598","330","330","330","1308","1308","1308"
"9599","331","331","331","1310","1310","1310"
"9627","331","331","331","1312","1312","1312"
"9649","332","332","332","1314","1314","1314"
"9656","332","332","332","1316","1316","1316"
"9685","333","333","333","1317","1317","1317"
"9699","334","334","334","1319","1319","1319"
"9714","334","334","334","1321","1321","1321"
"9743","335","335","335","1322","1322","1322"
"9749","336","336","336","1324","1324","1324"
"9772","336","336","336","1326","1326","1326"
"9799","337","337","337","1328","1328","1328"
"9801","337","337","337","1330","1330","1330"
"9830","338","338","338","1331","1331","1331"
"9849","339","339","339","1333","1333","1333"
"9859","339","339","339","1335","1335","1335"
"9888","340","340","340","1336","1336","1336"
"9899","341","341","341","1338","1338","1338"
"9917","341","341","341","1340","1340","1340"
"9946","342","342","342","1341","1341","1341"
"9949","343","343","343","1343","1343","1343"
"9975","343","343","343","1345","1345","1345"
"9999","344","344","344","1347","1347","1347"
"10004","344","344","344","1349","1349","1349"
"10033","345","345","345","1350","1350","1350"
"10049","346","346","346","1352","1352","1352"
"10062","346","346","346","1354","1354","1354"
"10091","347","347","347","1355","1355","1355"
"10099","348","348","348","1357","1357","1357"
"10120","348","348","348","1359","1359","1359"
"10149","349","349","349","1361.5","1361","1362"
"10178","350","350","350","1364","1364","1364"
"10199","351","351","351","1366","1366","1366"
"10207","351","351","351","1368","1368","1368"
"10236","352","352","352","1369","1369","1369"
"10249","353","353","353","1371","1371","1371"
"10265","353","353","353","1373","1373","1373"
"10294","354","354","354","1374","1374","1374"
"10299","355","355","355","1376","1376","1376"
"10323","355","355","355","1378","1378","1378"
"10349","356","356","356","1380","1380","1380"
"10352","356","356","356","1382","1382","1382"
"10381","357","357","357","1383","1383","1383"
"10399","358","358","358","1385","1385","1385"
"10410","358","358","358","1387","1387","1387"
"10439","359","359","359","1388","1388","1388"
"10449","360","360","360","1390","1390","1390"
"10468","360","360","360","1392","1392","1392"
"10497","361","361","361","1393","1393","1393"
"10499","362","362","362","1395","1395","1395"
"10526","362","362","362","1397","1397","1397"
"10549","363","363","363","1399","1399","1399"
"10555","363","363","363","1401","1401","1401"
"10584","364","364","364","1402","1402","1402"
"10599","365","365","365","1404","1404","1404"
"10613","365","365","365","1406","1406","1406"
"10642","366","366","366","1407","1407","1407"
"10649","367","367","367","1409","1409","1409"
"10671","367","367","367","1411","1411","1411"
"10699","368","368","368","1413","1413","1413"
"10700","368","368","368","1415","1415","1415"
"10729","369","369","369","1416","1416","1416"
"10749","370","370","370","1418","1418","1418"
"10758","370","370","370","1420","1420","1420"
"10787","371","371","371","1421","1421","1421"
"10799","372","372","372","1423","1423","1423"
"10816","372","372","372","1425","1425","1425"
"10845","373","373","373","1426","1426","1426"
"10849","374","374","374","1428","1428","1428"
"10874","374","374","374","1430","1430","1430"
"10899","375","375","375","1432","1432","1432"
"10903","375","375","375","1434","1434","1434"
"10932","376","376","376","1435","1435","1435"
"10949","377","377","377","1437","1437","1437"
"10961","377","377","377","1439","1439","1439"
"10990","378","378","378","1440","1440","1440"
"10999","379","379","379","1442","1442","1442"
"11019","379","379","379","1444","1444","1444"
"11048","380","380","380","1445","1445","1445"
"11049","381","381","381","1447","1447","1447"
"11077","381","381","381","1449","1449","1449"
"11099","382","382","382","1451","1451","1451"
"11106","382","382","382","1453","1453","1453"
"11135","383","383","383","1454","1454","1454"
"11149","384","384","384","1456","1456","1456"
"11164","384","384","384","1458","1458","1458"
"11193","385","385","385","1459","1459","1459"
"11199","386","386","386","1461","1461","1461"
"11222","386","386","386","1463","1463","1463"
"11249","387","387","387","1465","1465","1465"
"11251","387","387","387","1467","1467","1467"
"11280","388","388","388","1468","1468","1468"
"11299","389","389","389","1470","1470","1470"
"11309","389","389","389","1472","1472","1472"
"11338","390","390","390","1473","1473","1473"
"11349","391","391","391","1475","1475","1475"
"11367","391","391","391","1477","1477","1477"
"11396","392","392","392","1478","1478","1478"
"11399","393","393","393","1480","1480","1480"
"11425","393","393","393","1482","1482","1482"
"11449","394","394","394","1484","1484","1484"
"11454","394","394","394","1486","1486","1486"
"11483","395","395","395","1487","1487","1487"
"11499","396","396","396","1489","1489","1489"
"11512","396","396","396","1491","1491","1491"
"11541","397","397","397","1492","1492","1492"
"11549","398","398","398","1494","1494","1494"
"11570","398","398","398","1496","1496","1496"
"11599","399","399","399","1581","1498","1623"
"11628","400","400","400","1625","1625","1625"
"11649","401","401","401","1627","1627","1627"
"11657","401","401","401","1629","1629","1629"
"11686","402","402","402","1630","1630","1630"
"11699","403","403","403","1632","1632","1632"
"11715","403","403","403","1634","1634","1634"
"11744","404","404","404","1635","1635","1635"
"11749","405","405","405","1637","1637","1637"
"11773","405","405","405","1639","1639","1639"
"11799","406","406","406","1641","1641","1641"
"11802","406","406","406","1643","1643","1643"
"11831","407","407","407","1644","1644","1644"
"11849","408","408","408","1646","1646","1646"
"11860","408","408","408","1648","1648","1648"
"11889","409","409","409","1649","1649","1649"
"11899","410","410","410","1651","1651","1651"
"11918","410","410","410","1653","1653","1653"
"11947","411","411","411","1654","1654","1654"
"11949","412","412","412","1656","1656","1656"
"11976","412","412","412","1658","1658","1658"
"11999","413","413","413","1660","1660","1660"
"12005","413","413","413","1662","1662","1662"
"12034","414","414","414","1663","1663","1663"
"12049","415","415","415","1665","1665","1665"
"12063","415","415","415","1667","1667","1667"
"12092","416","416","416","1668","1668","1668"
"12099","417","417","417","1670","1670","1670"
"12121","417","417","417","1672","1672","1672"
"12149","418","418","418","1674","1674","1674"
"12150","418","418","418","1676","1676","1676"
"12179","419","419","419","1677","1677","1677"
"12199","420","420","420","1679","1679","1679"
"12208","420","420","420","1681","1681","1681"
"12237","421","421","421","1682","1682","1682"
"12249","422","422","422","1684","1684","1684"
"12266","422","422","422","1686","1686","1686"
"12295","423","423","423","1687","1687","1687"
"12299","424","424","424","1689","1689","1689"
"12324","424","424","424","1691","1691","1691"
"12349","425","425","425","1693","1693","1693"
"12353","425","425","425","1695","1695","1695"
"12382","426","426","426","1696","1696","1696"
"12399","427","427","427","1698","1698","1698"
"12411","427","427","427","1700","1700","1700"
"12440","428","428","428","1701","1701","1701"
"12449","429","429","429","1703","1703","1703"
"12469","429","429","429","1705","1705","1705"
"12498","430","430","430","1706","1706","1706"
"12499","431","431","431","1708","1708","1708"
"12527","431","431","431","1710","1710","1710"
"12549","432","432","432","1712","1712","1712"
"12556","432","432","432","1714","1714","1714"
"12585","433","433","433","1715","1715","1715"
"12599","434","434","434","1717","1717","1717"
"12614","434","434","434","1719","1719","1719"
"12643","435","435","435","1720","1720","1720"
"12649","436","436","436","1722","1722","1722"
"12672","436","436","436","1724","1724","1724"
"12699","437","437","437","1726","1726","1726"
"12701","437","437","437","1728","1728","1728"
"12730","438","438","438","1729","1729","1729"
"12749","439","439","439","1731","1731","1731"
"12759","439","439","439","1733","1733","1733"
"12788","440","440","440","1734","1734","1734"
"12799","441","441","441","1736","1736","1736"
"12817","441","441","441","1738","1738","1738"
"12846","442","442","442","1739","1739","1739"
"12849","443","443","443","1741","1741","1741"
"12875","443","443","443","1743","1743","1743"
"12899","444","444","444","1745","1745","1745"
"12904","444","444","444","1747","1747","1747"
"12933","445","445","445","1748","1748","1748"
"12949","446","446","446","1750","1750","1750"
"12962","446","446","446","1752","1752","1752"
"12991","447","447","447","1753","1753","1753"
"12999","448","448","448","1755","1755","1755"
"13020","448","448","448","1757","1757","1757"
"13049","449","449","449","1759.5","1759","1760"
"13078","450","450","450","1762","1762","1762"
"13099","451","451","451","1764","1764","1764"
"13107","451","451","451","1766","1766","1766"
"13136","452","452","452","1767","1767","1767"
"13149","453","453","453","1769","1769","1769"
"13165","453","453","453","1771","1771","1771"
"13194","454","454","454","1772","1772","1772"
"13199","455","455","455","1774","1774","1774"
"13223","455","455","455","1776","1776","1776"
"13249","456","456","456","1778","1778","1778"
"13252","456","456","456","1780","1780","1780"
"13281","457","457","457","1781","1781","1781"
"13299","458","458","458","1783","1783","1783"
"13310","458","458","458","1785","1785","1785"
"13339","459","459","459","1786","1786","1786"
"13349","460","460","460","1788","1788","1788"
"13368","460","460","460","1790","1790","1790"
"13397","461","461","461","1791","1791","1791"
"13399","462","462","462","1793","1793","1793"
"13426","462","462","462","1795","1795","1795"
"13449","463","463","463","1797","1797","1797"
"13455","463","463","463","1799","1799","1799"
"13484","464","464","464","1800","1800","1800"
"13499","465","465","465","1802","1802","1802"
"13513","465","465","465","1804","1804","1804"
"13542","466","466","466","1805","1805","1805"
"13549","467","467","467","1807","1807","1807"
"13571","467","467","467","1809","1809","1809"
"13599","468","468","468","1811","1811","1811"
"13600","468","468","468","1813","1813","1813"
"13629","469","469","469","1814","1814","1814"
"13649","470","470","470","1816","1816","1816"
"13658","470","470","470","1818","1818","1818"
"13687","471","471","471","1819","1819","1819"
"13699","472","472","472","1821","1821","1821"
"13716","472","472","472","1823","1823","1823"
"13745","473","473","473","1824","1824","1824"
"13749","474","474","474","1826","1826","1826"
"13774","474","474","474","1828","1828","1828"
"13799","475","475","475","1830","1830","1830"
"13803","475","475","475","1832","1832","1832"
"13832","476","476","476","1833","1833","1833"
"13849","477","477","477","1835","1835","1835"
"13861","477","477","477","1837","1837","1837"
"13890","478","478","478","1838","1838","1838"
"13899","479","479","479","1840","1840","1840"
"13919","479","479","479","1842","1842","1842"
"13948","480","480","480","1843","1843","1843"
"13949","481","481","481","1845","1845","1845"
"13977","481","481","481","1847","1847","1847"
"13999","482","482","482","1849","1849","1849"
"14006","482","482","482","1851","1851","1851"
"14035","483","483","483","1852","1852","1852"
"14049","484","484","484","1854","1854","1854"
"14064","484","484","484","1856","1856","1856"
"14093","485","485","485","1857","1857","1857"
"14099","486","486","486","1859","1859","1859"
"14122","486","486","486","1861","1861","1861"
"14149","487","487","487","1863","1863","1863"
"14151","487","487","487","1865","1865","1865"
"14180","488","488","488","1866","1866","1866"
"14199","489","489","489","1868","1868","1868"
"14209","489","489","489","1870","1870","1870"
"14238","490","490","490","1871","1871","1871"
"14249","491","491","491","1873","1873","1873"
"14267","491","491","491","1875","1875","1875"
"14296","492","492","492","1876","1876","1876"
"14299","493","493","493","1878","1878","1878"
"14325","493","493","493","1880","1880","1880"
"14349","494","494","494","1882","1882","1882"
"14354","494","494","494","1884","1884","1884"
"14383","495","495","495","1885","1885","1885"
"14399","496","496","496","1887","1887","1887"
"14412","496","496","496","1889","1889","1889"
"14441","497","497","497","1890","1890","1890"
"14449","498","498","498","1892","1892","1892"
"14470","498","498","498","1894","1894","1894"
"14499","499","499","499","1979","1896","2021"
"14528","500","500","500","2185","2023","2347"
"14549","501","501","501","2187","2025","2349"
"14557","501","501","501","2189","2027","2351"
"14586","502","502","502","2190","2028","2352"
"14599","503","503","503","2192","2030","2354"
"14615","503","503","503","2194","2032","2356"
"14644","504","504","504","2195","2033","2357"
"14649","505","505","505","2197","2035","2359"
"14673","505","505","505","2199","2037","2361"
"14699","506","506","506","2201","2039","2363"
"14702","506","506","506","2203","2041","2365"
"14731","507","507","507","2204","2042","2366"
"14749","508","508","508","2206","2044","2368"
"14760","508","508","508","2208","2046","2370"
"14789","509","509","509","2209","2047","2371"
"14799","510","510","510","2211","2049","2373"
"14818","510","510","510","2213","2051","2375"
"14847","511","511","511","2214","2052","2376"
"14849","512","512","512","2216","2054","2378"
"14876","512","512","512","2218","2056","2380"
"14899","513","513","513","2220","2058","2382"
"14905","513","513","513","2222","2060","2384"
"14934","514","514","514","2223","2061","2385"
"14949","515","515","515","2225","2063","2387"
"14963","515","515","515","2227","2065","2389"
"14992","516","516","516","2228","2066","2390"
"14999","517","517","517","2230","2068","2392"
"15021","517","517","517","2232","2070","2394"
"15049","518","518","518","2234","2072","2396"
"15050","518","518","518","2236","2074","2398"
"15079","519","519","519","2237","2075","2399"
"15099","520","520","520","2239","2077","2401"
"15108","520","520","520","2241","2079","2403"
"15137","521","521","521","2242","2080","2404"
"15149","522","522","522","2244","2082","2406"
"15166","522","522","522","2246","2084","2408"
"15195","523","523","523","2247","2085","2409"
"15199","524","524","524","2249","2087","2411"
"15224","524","524","524","2251","2089","2413"
"15249","525","525","525","2253","2091","2415"
"15253","525","525","525","2255","2093","2417"
"15282","526","526","526","2256","2094","2418"
"15299","527","527","527","2258","2096","2420"
"15311","527","527","527","2260","2098","2422"
"15340","528","528","528","2261","2099","2423"
"15349","529","529","529","2263","2101","2425"
"15369","529","529","529","2265","2103","2427"
"15398","530","530","530","2266","2104","2428"
"15399","531","531","531","2268","2106","2430"
"15427","531","531","531","2270","2108","2432"
"15449","532","532","532","2272","2110","2434"
"15456","532","532","532","2274","2112","2436"
"15485","533","533","533","2275","2113","2437"
"15499","534","534","534","2277","2115","2439"
"15514","534","534","534","2279","2117","2441"
"15543","535","535","535","2280","2118","2442"
"15549","536","536","536","2282","2120","2444"
"15572","536","536","536","2284","2122","2446"
"15599","537","537","537","2286","2124","2448"
"15601","537","537","537","2288","2126","2450"
"15630","538","538","538","2289","2127","2451"
"15649","539","539","539","2291","2129","2453"
"15659","539","539","539","2293","2131","2455"
"15688","540","540","540","2294","2132","2456"
"15699","541","541","541","2296","2134","2458"
"15717","541","541","541","2298","2136","2460"
"15746","542","542","542","2299","2137","2461"
"15749","543","543","543","2301","2139","2463"
"15775","543","543","543","2303","2141","2465"
"15799","544","544","544","2305","2143","2467"
"15804","544","544","544","2307","2145","2469"
"15833","545","545","545","2308","2146","2470"
"15849","546","546","546","2310","2148","2472"
"15862","546","546","546","2312","2150","2474"
"15891","547","547","547","2313","2151","2475"
"15899","548","548","548","2315","2153","2477"
"15920","548","548","548","2317","2155","2479"
"15949","549","549","549","2319.5","2157","2482"
"15978","550","550","550","2322","2160","2484"
"15999","551","551","551","2324","2162","2486"
"16007","551","551","551","2326","2164","2488"
"16036","552","552","552","2327","2165","2489"
"16049","553","553","553","2329","2167","2491"
"16065","553","553","553","2331","2169","2493"
"16094","554","554","554","2332","2170","2494"
"16099","555","555","555","2334","2172","2496"
"16123","555","555","555","2336","2174","2498"
"16149","556","556","556","2338","2176","2500"
"16152","556","556","556","2340","2178","2502"
"16181","557","557","557","2341","2179","2503"
"16199","558","558","558","2343","2181","2505"
"16210","558","558","558","2345","2183","2507"
"16239","559","559","559","2346","2184","2508"
"16249","560","560","560","2348","2186","2510"
"16268","560","560","560","2350","2188","2512"
"16297","561","561","561","2351","2189","2513"
"16299","562","562","562","2353","2191","2515"
"16326","562","562","562","2355","2193","2517"
"16349","563","563","563","2357","2195","2519"
"16355","563","563","563","2359","2197","2521"
"16384","564","564","564","2360","2198","2522"
"16399","565","565","565","2362","2200","2524"
"16413","565","565","565","2364","2202","2526"
"16442","566","566","566","2365","2203","2527"
"16449","567","567","567","2367","2205","2529"
"16471","567","567","567","2369","2207","2531"
"16499","568","568","568","2371","2209","2533"
"16500","568","568","568","2373","2211","2535"
"16529","569","569","569","2374","2212","2536"
"16549","570","570","570","2376","2214","2538"
"16558","570","570","570","2378","2216","2540"
"16587","571","571","571","2379","2217","2541"
"16599","572","572","572","2381","2219","2543"
"16616","572","572","572","2383","2221","2545"
"16645","573","573","573","2384","2222","2546"
"16649","574","574","574","2386","2224","2548"
"16674","574","574","574","2388","2226","2550"
"16699","575","575","575","2390","2228","2552"
"16703","575","575","575","2392","2230","2554"
"16732","576","576","576","2393","2231","2555"
"16749","577","577","577","2395","2233","2557"
"16761","577","577","577","2397","2235","2559"
"16790","578","578","578","2398","2236","2560"
"16799","579","579","579","2400","2238","2562"
"16819","579","579","579","2402","2240","2564"
"16848","580","580","580","2403","2241","2565"
"16849","581","581","581","2405","2243","2567"
"16877","581","581","581","2407","2245","2569"
"16899","582","582","582","2409","2247","2571"
"16906","582","582","582","2411","2249","2573"
"16935","583","583","583","2412","2250","2574"
"16949","584","584","584","2414","2252","2576"
"16964","584","584","584","2416","2254","2578"
"16993","585","585","585","2417","2255","2579"
"16999","586","586","586","2419","2257","2581"
"17022","586","586","586","2421","2259","2583"
"17049","587","587","587","2423","2261","2585"
"17051","587","587","587","2425","2263","2587"
"17080","588","588","588","2426","2264","2588"
"17099","589","589","589","2428","2266","2590"
"17109","589","589","589","2430","2268","2592"
"17138","590","590","590","2431","2269","2593"
"17149","591","591","591","2433","2271","2595"
"17167","591","591","591","2435","2273","2597"
"17196","592","592","592","2436","2274","2598"
"17199","593","593","593","2438","2276","2600"
"17225","593","593","593","2440","2278","2602"
"17249","594","594","594","2442","2280","2604"
"17254","594","594","594","2444","2282","2606"
"17283","595","595","595","2445","2283","2607"
"17299","596","596","596","2447","2285","2609"
"17312","596","596","596","2449","2287","2611"
"17341","597","597","597","2450","2288","2612"
"17349","598","598","598","2452","2290","2614"
"17370","598","598","598","2454","2292","2616"
"17399","599","599","599","2599.25","2294","2743"
"17428","600","600","600","2745","2745","2745"
"17449","601","601","601","2747","2747","2747"
"17457","601","601","601","2749","2749","2749"
"17486","602","602","602","2750","2750","2750"
"17499","603","603","603","2752","2752","2752"
"17515","603","603","603","2754","2754","2754"
"17544","604","604","604","2755","2755","2755"
"17549","605","605","605","2757","2757","2757"
"17573","605","605","605","2759","2759","2759"
"17599","606","606","606","2761","2761","2761"
"17602","606","606","606","2763","2763","2763"
"17631","607","607","607","2764","2764","2764"
"17649","608","608","608","2766","2766","2766"
"17660","608","608","608","2768","2768","2768"
"17689","609","609","609","2769","2769","2769"
"17699","610","610","610","2771","2771","2771"
"17718","610","610","610","2773","2773","2773"
"17747","611","611","611","2774","2774","2774"
"17749","612","612","612","2776","2776","2776"
"17776","612","612","612","2778","2778","2778"
"17799","613","613","613","2780","2780","2780"
"17805","613","613","613","2782","2782","2782"
"17834","614","614","614","2783","2783","2783"
"17849","615","615","615","2785","2785","2785"
"17863","615","615","615","2787","2787","2787"
"17892","616","616","616","2788","2788","2788"
"17899","617","617","617","2790","2790","2790"
"17921","617","617","617","2792","2792","2792"
"17949","618","618","618","2794","2794","2794"
"17950","618","618","618","2796","2796","2796"
"17979","619","619","619","2797","2797","2797"
"17999","620","620","620","2799","2799","2799"
"18008","620","620","620","2801","2801","2801"
"18037","621","621","621","2802","2802","2802"
"18049","622","622","622","2804","2804","2804"
"18066","622","622","622","2806","2806","2806"
"18095","623","623","623","2807","2807","2807"
"18099","624","624","624","2809","2809","2809"
"18124","624","624","624","2811","2811","2811"
"18149","625","625","625","2813","2813","2813"
"18153","625","625","625","2815","2815","2815"
"18182","626","626","626","2816","2816","2816"
"18199","627","627","627","2818","2818","2818"
"18211","627","627","627","2820","2820","2820"
"18240","628","628","628","2821","2821","2821"
"18249","629","629","629","2823","2823","2823"
"18269","629","629","629","2825","2825","2825"
"18298","630","630","630","2826","2826","2826"
"18299","631","631","631","2828","2828","2828"
"18327","631","631","631","2830","2830","2830"
"18349","632","632","632","2832","2832","2832"
"18356","632","632","632","2834","2834","2834"
"18385","633","633","633","2835","2835","2835"
"18399","634","634","634","2837","2837","2837"
"18414","634","634","634","2839","2839","2839"
"18443","635","635","635","2840","2840","2840"
"18449","636","636","636","2842","2842","2842"
"18472","636","636","636","2844","2844","2844"
"18499","637","637","637","2846","2846","2846"
"18501","637","637","637","2848","2848","2848"
"18530","638","638","638","2849","2849","2849"
"18549","639","639","639","2851","2851","2851"
"18559","639","639","639","2853","2853","2853"
"18588","640","640","640","2854","2854","2854"
"18599","641","641","641","2856","2856","2856"
"18617","641","641","641","2858","2858","2858"
"18646","642","642","642","2859","2859","2859"
"18649","643","643","643","2861","2861","2861"
"18675","643","643","643","2863","2863","2863"
"18699","644","644","644","2865","2865","2865"
"18704","644","644","644","2867","2867","2867"
"18733","645","645","645","2868","2868","2868"
"18749","646","646","646","2870","2870","2870"
"18762","646","646","646","2872","2872","2872"
"18791","647","647","647","2873","2873","2873"
"18799","648","648","648","2875","2875","2875"
"18820","648","648","648","2877","2877","2877"
"18849","649","649","649","2879.5","2879","2880"
"18878","650","650","650","2882","2882","2882"
"18899","651","651","651","2884","2884","2884"
"18907","651","651","651","2886","2886","2886"
"18936","652","652","652","2887","2887","2887"
"18949","653","653","653","2889","2889","2889"
"18965","653","653","653","2891","2891","2891"
"18994","654","654","654","2892","2892","2892"
"18999","655","655","655","2894","2894","2894"
"19023","655","655","655","2896","2896","2896"
"19049","656","656","656","2898","2898","2898"
"19052","656","656","656","2900","2900","2900"
"19081","657","657","657","2901","2901","2901"
"19099","658","658","658","2903","2903","2903"
"19110","658","658","658","2905","2905","2905"
"19139","659","659","659","2906","2906","2906"
"19149","660","660","660","2908","2908","2908"
"19168","660","660","660","2910","2910","2910"
"19197","661","661","661","2911","2911","2911"
"19199","662","662","662","2913","2913","2913"
"19226","662","662","662","2915","2915","2915"
"19249","663","663","663","2917","2917","2917"
"19255","663","663","663","2919","2919","2919"
"19284","664","664","664","2920","2920","2920"
"19299","665","665","665","2922","2922","2922"
"19313","665","665","665","2924","2924","2924"
"19342","666","666","666","2925","2925","2925"
"19349","667","667","667","2927","2927","2927"
"19371","667","667","667","2929","2929","2929"
"19399","668","668","668","2931","2931","2931"
"19400","668","668","668","2933","2933","2933"
"19429","669","669","669","2934","2934","2934"
"19449","670","670","670","2936","2936","2936"
"19458","670","670","670","2938","2938","2938"
"19487","671","671","671","2939","2939","2939"
"19499","672","672","672","2941","2941","2941"
"19516","672","672","672","2943","2943","2943"
"19545","673","673","673","2944","2944","2944"
"19549","674","674","674","2946","2946","2946"
"19574","674","674","674","2948","2948","2948"
"19599","675","675","675","2950","2950","2950"
"19603","675","675","675","2952","2952","2952"
"19632","676","676","676","2953","2953","2953"
"19649","677","677","677","2955","2955","2955"
"19661","677","677","677","2957","2957","2957"
"19690","678","678","678","2958","2958","2958"
"19699","679","679","679","2960","2960","2960"
"19719","679","679","679","2962","2962","2962"
"19748","680","680","680","2963","2963","2963"
"19749","681","681","681","2965","2965","2965"
"19777","681","681","681","2967","2967","2967"
"19799","682","682","682","2969","2969","2969"
"19806","682","682","682","2971","2971","2971"
"19835","683","683","683","2972","2972","2972"
"19849","684","684","684","2974","2974","2974"
"19864","684","684","684","2976","2976","2976"
"19893","685","685","685","2977","2977","2977"
"19899","686","686","686","2979","2979","2979"
"19922","686","686","686","2981","2981","2981"
"19949","687","687","687","2983","2983","2983"
"19951","687","687","687","2985","2985","2985"
"19980","688","688","688","2986","2986","2986"
"19999","689","689","689","2988","2988","2988"
"20009","689","689","689","2990","2990","2990"
"20038","690","690","690","2991","2991","2991"
"20049","691","691","691","2993","2993","2993"
"20067","691","691","691","2995","2995","2995"
"20096","692","692","692","2996","2996","2996"
"20099","693","693","693","2998","2998","2998"
"20125","693","693","693","3000","3000","3000"
"20149","694","694","694","3002","3002","3002"
"20154","694","694","694","3004","3004","3004"
"20183","695","695","695","3005","3005","3005"
"20199","696","696","696","3007","3007","3007"
"20212","696","696","696","3009","3009","3009"
"20241","697","697","697","3010","3010","3010"
"20249","698","698","698","3012","3012","3012"
"20270","698","698","698","3014","3014","3014"
"20299","699","699","699","3099","3016","3141"
"20328","700","700","700","3143","3143","3143"
"20349","701","701","701","3145","3145","3145"
"20357","701","701","701","3147","3147","3147"
"20386","702","702","702","3148","3148","3148"
"20399","703","703","703","3150","3150","3150"
"20415","703","703","703","3152","3152","3152"
"20444","704","704","704","3153","3153","3153"
"20449","705","705","705","3155","3155","3155"
"20473","705","705","705","3157","3157","3157"
"20499","706","706","706","3159","3159","3159"
"20502","706","706","706","3161","3161","3161"
"20531","707","707","707","3162","3162","3162"
"20549","708","708","708","3164","3164","3164"
"20560","708","708","708","3166","3166","3166"
"20589","709","709","709","3167","3167","3167"
"20599","710","710","710","3169","3169","3169"
"20618","710","710","710","3171","3171","3171"
"20647","711","711","711","3172","3172","3172"
"20649","712","712","712","3174","3174","3174"
"20676","712","712","712","3176","3176","3176"
"20699","713","713","713","3178","3178","3178"
"20705","713","713","713","3180","3180","3180"
"20734","714","714","714","3181","3181","3181"
"20749","715","715","715","3183","3183","3183"
"20763","715","715","715","3185","3185","3185"
"20792","716","716","716","3186","3186","3186"
"20799","717","717","717","3188","3188","3188"
"20821","717","717","717","3190","3190","3190"
"20849","718","718","718","3192","3192","3192"
"20850","718","718","718","3194","3194","3194"
"20879","719","719","719","3195","3195","3195"
"20899","720","720","720","3197","3197","3197"
"20908","720","720","720","3199","3199","3199"
"20937","721","721","721","3200","3200","3200"
"20949","722","722","722","3202","3202","3202"
"20966","722","722","722","3204","3204","3204"
"20995","723","723","723","3205","3205","3205"
"20999","724","724","724","3207","3207","3207"
"21024","724","724","724","3209","3209","3209"
"21049","725","725","725","3211","3211","3211"
"21053","725","725","725","3213","3213","3213"
"21082","726","726","726","3214","3214","3214"
"21099","727","727","727","3216","3216","3216"
"21111","727","727","727","3218","3218","3218"
"21140","728","728","728","3219","3219","3219"
"21149","729","729","729","3221","3221","3221"
"21169","729","729","729","3223","3223","3223"
"21198","730","730","730","3224","3224","3224"
"21199","731","731","731","3226","3226","3226"
"21227","731","731","731","3228","3228","3228"
"21249","732","732","732","3230","3230","3230"
"21256","732","732","732","3232","3232","3232"
"21285","733","733","733","3233","3233","3233"
"21299","734","734","734","3235","3235","3235"
"21314","734","734","734","3237","3237","3237"
"21343","735","735","735","3238","3238","3238"
"21349","736","736","736","3240","3240","3240"
"21372","736","736","736","3242","3242","3242"
"21399","737","737","737","3244","3244","3244"
"21401","737","737","737","3246","3246","3246"
"21430","738","738","738","3247","3247","3247"
"21449","739","739","739","3249","3249","3249"
"21459","739","739","739","3251","3251","3251"
"21488","740","740","740","3252","3252","3252"
"21499","741","741","741","3254","3254","3254"
"21517","741","741","741","3256","3256","3256"
"21546","742","742","742","3257","3257","3257"
"21549","743","743","743","3259","3259","3259"
"21575","743","743","743","3261","3261","3261"
"21599","744","744","744","3263","3263","3263"
"21604","744","744","744","3265","3265","3265"
"21633","745","745","745","3266","3266","3266"
"21649","746","746","746","3268","3268","3268"
"21662","746","746","746","3270","3270","3270"
"21691","747","747","747","3271","3271","3271"
"21699","748","748","748","3273","3273","3273"
"21720","748","748","748","3275","3275","3275"
"21749","749","749","749","3277.5","3277","3278"
"21778","750","750","750","3280","3280","3280"
"21799","751","751","751","3282","3282","3282"
"21807","751","751","751","3284","3284","3284"
"21836","752","752","752","3285","3285","3285"
"21849","753","753","753","3287","3287","3287"
"21865","753","753","753","3289","3289","3289"
"21894","754","754","754","3290","3290","3290"
"21899","755","755","755","3292","3292","3292"
"21923","755","755","755","3294","3294","3294"
"21949","756","756","756","3296","3296","3296"
"21952","756","756","756","3298","3298","3298"
"21981","757","757","757","3299","3299","3299"
"21999","758","758","758","3301","3301","3301"
"22010","758","758","758","3303","3303","3303"
"22039","759","759","759","3304","3304","3304"
"22049","760","760","760","3306","3306","3306"
"22068","760","760","760","3308","3308","3308"
"22097","761","761","761","3309","3309","3309"
"22099","762","762","762","3311","3311","3311"
"22126","762","762","762","3313","3313","3313"
"22149","763","763","763","3315","3315","3315"
"22155","763","763","763","3317","3317","3317"
"22184","764","764","764","3318","3318","3318"
"22199","765","765","765","3320","3320","3320"
"22213","765","765","765","3322","3322","3322"
"22242","766","766","766","3323","3323","3323"
"22249","767","767","767","3325","3325","3325"
"22271","767","767","767","3327","3327","3327"
"22299","768","768","768","3329","3329","3329"
"22300","768","768","768","3331","3331","3331"
"22329","769","769","769","3332","3332","3332"
"22349","770","770","770","3334","3334","3334"
"22358","770","770","770","3336","3336","3336"
"22387","771","771","771","3337","3337","3337"
"22399","772","772","772","3339","3339","3339"
"22416","772","772","772","3341","3341","3341"
"22445","773","773","773","3342","3342","3342"
"22449","774","774","774","3344","3344","3344"
"22474","774","774","774","3346","3346","3346"
"22499","775","775","775","3348","3348","3348"
"22503","775","775","775","3350","3350","3350"
"22532","776","776","776","3351","3351","3351"
"22549","777","777","777","3353","3353","3353"
"22561","777","777","777","3355","3355","3355"
"22590","778","778","778","3356","3356","3356"
"22599","779","779","779","3358","3358","3358"
"22619","779","779","779","3360","3360","3360"
"22648","780","780","780","3361","3361","3361"
"22649","781","781","781","3363","3363","3363"
"22677","781","781","781","3365","3365","3365"
"22699","782","782","782","3367","3367","3367"
"22706","782","782","782","3369","3369","3369"
"22735","783","783","783","3370","3370","3370"
"22749","784","784","784","3372","3372","3372"
"22764","784","784","784","3374","3374","3374"
"22793","785","785","785","3375","3375","3375"
"22799","786","786","786","3377","3377","3377"
"22822","786","786","786","3379","3379","3379"
"22849","787","787","787","3381","3381","3381"
"22851","787","787","787","3383","3383","3383"
"22880","788","788","788","3384","3384","3384"
"22899","789","789","789","3386","3386","3386"
"22909","789","789","789","3388","3388","3388"
"22938","790","790","790","3389","3389","3389"
"22949","791","791","791","3391","3391","3391"
"22967","791","791","791","3393","3393","3393"
"22996","792","792","792","3394","3394","3394"
"22999","793","793","793","3396","3396","3396"
"23025","793","793","793","3398","3398","3398"
"23049","794","794","794","3400","3400","3400"
"23054","794","794","794","3402","3402","3402"
"23083","795","795","795","3403","3403","3403"
"23099","796","796","796","3405","3405","3405"
"23112","796","796","796","3407","3407","3407"
"23141","797","797","797","3408","3408","3408"
"23149","798","798","798","3410","3410","3410"
"23170","798","798","798","3412","3412","3412"
"23199","799","799","799","3497","3414","3539"
"23228","800","800","800","3541","3541","3541"
"23249","801","801","801","3543","3543","3543"
"23257","801","801","801","3545","3545","3545"
"23286","802","802","802","3546","3546","3546"
"23299","803","803","803","3548","3548","3548"
"23315","803","803","803","3550","3550","3550"
"23344","804","804","804","3551","3551","3551"
"23349","805","805","805","3553","3553","3553"
"23373","805","805","805","3555","3555","3555"
"23399","806","806","806","3557","3557","3557"
"23402","806","806","806","3559","3559","3559"
"23431","807","807","807","3560","3560","3560"
"23449","808","808","808","3562","3562","3562"
"23460","808","808","808","3564","3564","3564"
"23489","809","809","809","3565","3565","3565"
"23499","810","810","810","3567","3567","3567"
"23518","810","810","810","3569","3569","3569"
"23547","811","811","811","3570","3570","3570"
"23549","812","812","812","3572","3572","3572"
"23576","812","812","812","3574","3574","3574"
"23599","813","813","813","3576","3576","3576"
"23605","813","813","813","3578","3578","3578"
"23634","814","814","814","3579","3579","3579"
"23649","815","815","815","3581","3581","3581"
"23663","815","815","815","3583","3583","3583"
"23692","816","816","816","3584","3584","3584"
"23699","817","817","817","3586","3586","3586"
"23721","817","817","817","3588","3588","3588"
"23749","818","818","818","3590","3590","3590"
"23750","818","818","818","3592","3592","3592"
"23779","819","819","819","3593","3593","3593"
"23799","820","820","820","3595","3595","3595"
"23808","820","820","820","3597","3597","3597"
"23837","821","821","821","3598","3598","3598"
"23849","822","822","822","3600","3600","3600"
"23866","822","822","822","3602","3602","3602"
"23895","823","823","823","3603","3603","3603"
"23899","824","824","824","3605","3605","3605"
"23924","824","824","824","3607","3607","3607"
"23949","825","825","825","3609","3609","3609"
"23953","825","825","825","3611","3611","3611"
"23982","826","826","826","3612","3612","3612"
"23999","827","827","827","3614","3614","3614"
"24011","827","827","827","3616","3616","3616"
"24040","828","828","828","3617","3617","3617"
"24049","829","829","829","3619","3619","3619"
"24069","829","829","829","3621","3621","3621"
"24098","830","830","830","3622","3622","3622"
"24099","831","831","831","3624","3624","3624"
"24127","831","831","831","3626","3626","3626"
"24149","832","832","832","3628","3628","3628"
"24156","832","832","832","3630","3630","3630"
"24185","833","833","833","3631","3631","3631"
"24199","834","834","834","3633","3633","3633"
"24214","834","834","834","3635","3635","3635"
"24243","835","835","835","3636","3636","3636"
"24249","836","836","836","3638","3638","3638"
"24272","836","836","836","3640","3640","3640"
"24299","837","837","837","3642","3642","3642"
"24301","837","837","837","3644","3644","3644"
"24330","838","838","838","3645","3645","3645"
"24349","839","839","839","3647","3647","3647"
"24359","839","839","839","3649","3649","3649"
"24388","840","840","840","3650","3650","3650"
"24399","841","841","841","3652","3652","3652"
"24417","841","841","841","3654","3654","3654"
"24446","842","842","842","3655","3655","3655"
"24449","843","843","843","3657","3657","3657"
"24475","843","843","843","3659","3659","3659"
"24499","844","844","844","3661","3661","3661"
"24504","844","844","844","3663","3663","3663"
"24533","845","845","845","3664","3664","3664"
"24549","846","846","846","3666","3666","3666"
"24562","846","846","846","3668","3668","3668"
"24591","847","847","847","3669","3669","3669"
"24599","848","848","848","3671","3671","3671"
"24620","848","848","848","3673","3673","3673"
"24649","849","849","849","3675.5","3675","3676"
"24678","850","850","850","3678","3678","3678"
"24699","851","851","851","3680","3680","3680"
"24707","851","851","851","3682","3682","3682"
"24736","852","852","852","3683","3683","3683"
"24749","853","853","853","3685","3685","3685"
"24765","853","853","853","3687","3687","3687"
"24794","854","854","854","3688","3688","3688"
"24799","855","855","855","3690","3690","3690"
"24823","855","855","855","3692","3692","3692"
"24849","856","856","856","3694","3694","3694"
"24852","856","856","856","3696","3696","3696"
"24881","857","857","857","3697","3697","3697"
"24899","858","858","858","3699","3699","3699"
"24910","858","858","858","3701","3701","3701"
"24939","859","859","859","3702","3702","3702"
"24949","860","860","860","3704","3704","3704"
"24968","860","860","860","3706","3706","3706"
"24997","861","861","861","3707","3707","3707"
"24999","862","862","862","3709","3709","3709"
"25026","862","862","862","3711","3711","3711"
"25049","863","863","863","3713","3713","3713"
"25055","863","863","863","3715","3715","3715"
"25084","864","864","864","3716","3716","3716"
"25099","865","865","865","3718","3718","3718"
"25113","865","865","865","3720","3720","3720"
"25142","866","866","866","3721","3721","3721"
"25149","867","867","867","3723","3723","3723"
"25171","867","867","867","3725","3725","3725"
"25199","868","868","868","3727","3727","3727"
"25200","868","868","868","3729","3729","3729"
"25229","869","869","869","3730","3730","3730"
"25249","870","870","870","3732","3732","3732"
"25258","870","870","870","3734","3734","3734"
"25287","871","871","871","3735","3735","3735"
"25299","872","872","872","3737","3737","3737"
"25316","872","872","872","3739","3739","3739"
"25345","873","873","873","3740","3740","3740"
"25349","874","874","874","3742","3742","3742"
"25374","874","874","874","3744","3744","3744"
"25399","875","875","875","3746","3746","3746"
"25403","875","875","875","3748","3748","3748"
"25432","876","876","876","3749","3749","3749"
"25449","877","877","877","3751","3751","3751"
"25461","877","877","877","3753","3753","3753"
"25490","878","878","878","3754","3754","3754"
"25499","879","879","879","3756","3756","3756"
"25519","879","879","879","3758","3758","3758"
"25548","880","880","880","3759","3759","3759"
"25549","881","881","881","3761","3761","3761"
"25577","881","881","881","3763","3763","3763"
"25599","882","882","882","3765","3765","3765"
"25606","882","882","882","3767","3767","3767"
"25635","883","883","883","3768","3768","3768"
"25649","884","884","884","3770","3770","3770"
"25664","884","884","884","3772","3772","3772"
"25693","885","885","885","3773","3773","3773"
"25699","886","886","886","3775","3775","3775"
"25722","886","886","886","3777","3777","3777"
"25749","887","887","887","3779","3779","3779"
"25751","887","887","887","3781","3781","3781"
"25780","888","888","888","3782","3782","3782"
"25799","889","889","889","3784","3784","3784"
"25809","889","889","889","3786","3786","3786"
"25838","890","890","890","3787","3787","3787"
"25849","891","891","891","3789","3789","3789"
"25867","891","891","891","3791","3791","3791"
"25896","892","892","892","3792","3792","3792"
"25899","893","893","893","3794","3794","3794"
"25925","893","893","893","3796","3796","3796"
"25949","894","894","894","3798","3798","3798"
"25954","894","894","894","3800","3800","3800"
"25983","895","895","895","3801","3801","3801"
"25999","896","896","896","3803","3803","3803"
"26012","896","896","896","3805","3805","3805"
"26041","897","897","897","3806","3806","3806"
"26049","898","898","898","3808","3808","3808"
"26070","898","898","898","3810","3810","3810"
"26099","899","899","899","3895","3812","3937"
"26128","900","900","900","3939","3939","3939"
"26149","901","901","901","3941","3941","3941"
"26157","901","901","901","3943","3943","3943"
"26186","902","902","902","3944","3944","3944"
"26199","903","903","903","3946","3946","3946"
"26215","903","903","903","3948","3948","3948"
"26244","904","904","904","3949","3949","3949"
"26249","905","905","905","3951","3951","3951"
"26273","905","905","905","3953","3953","3953"
"26299","906","906","906","3955","3955","3955"
"26302","906","906","906","3957","3957","3957"
"26331","907","907","907","3958","3958","3958"
"26349","908","908","908","3960","3960","3960"
"26360","908","908","908","3962","3962","3962"
"26389","909","909","909","3963","3963","3963"
"26399","910","910","910","3965","3965","3965"
"26418","910","910","910","3967","3967","3967"
"26447","911","911","911","3968","3968","3968"
"26449","912","912","912","3970","3970","3970"
"26476","912","912","912","3972","3972","3972"
"26499","913","913","913","3974","3974","3974"
"26505","913","913","913","3976","3976","3976"
"26534","914","914","914","3977","3977","3977"
"26549","915","915","915","3979","3979","3979"
"26563","915","915","915","3981","3981","3981"
"26592","916","916","916","3982","3982","3982"
"26599","917","917","917","3984","3984","3984"
"26621","917","917","917","3986","3986","3986"
"26649","918","918","918","3988","3988","3988"
"26650","918","918","918","3990","3990","3990"
"26679","919","919","919","3991","3991","3991"
"26699","920","920","920","3993","3993","3993"
"26708","920","920","920","3995","3995","3995"
"26737","921","921","921","3996","3996","3996"
"26749","922","922","922","3998","3998","3998"
"26766","922","922","922","4000","4000","4000"
"26795","923","923","923","4001","4001","4001"
"26799","924","924","924","4003","4003","4003"
"26824","924","924","924","4005","4005","4005"
"26849","925","925","925","4007","4007","4007"
"26853","925","925","925","4009","4009","4009"
"26882","926","926","926","4010","4010","4010"
"26899","927","927","927","4012","4012","4012"
"26911","927","927","927","4014","4014","4014"
"26940","928","928","928","4015","4015","4015"
"26949","929","929","929","4017","4017","4017"
"26969","929","929","929","4019","4019","4019"
"26998","930","930","930","4020","4020","4020"
"26999","931","931","931","4022","4022","4022"
"27027","931","931","931","4024","4024","4024"
"27049","932","932","932","4026","4026","4026"
"27056","932","932","932","4028","4028","4028"
"27085","933","933","933","4029","4029","4029"
"27099","934","934","934","4031","4031","4031"
"27114","934","934","934","4033","4033","4033"
"27143","935","935","935","4034","4034","4034"
"27149","936","936","936","4036","4036","4036"
"27172","936","936","936","4038","4038","4038"
"27199","937","937","937","4040","4040","4040"
"27201","937","937","937","4042","4042","4042"
"27230","938","938","938","4043","4043","4043"
"27249","939","939","939","4045","4045","4045"
"27259","939","939","939","4047","4047","4047"
"27288","940","940","940","4048","4048","4048"
"27299","941","941","941","4050","4050","4050"
"27317","941","941","941","4052","4052","4052"
"27346","942","942","942","4053","4053","4053"
"27349","943","943","943","4055","4055","4055"
"27375","943","943","943","4057","4057","4057"
"27399","944","944","944","4059","4059","4059"
"27404","944","944","944","4061","4061","4061"
"27433","945","945","945","4062","4062","4062"
"27449","946","946","946","4064","4064","4064"
"27462","946","946","946","4066","4066","4066"
"27491","947","947","947","4067","4067","4067"
"27499","948","948","948","4069","4069","4069"
"27520","948","948","948","4071","4071","4071"
"27549","949","949","949","4073.5","4073","4074"
"27578","950","950","950","4076","4076","4076"
"27599","951","951","951","4078","4078","4078"
"27607","951","951","951","4080","4080","4080"
"27636","952","952","952","4081","4081","4081"
"27649","953","953","953","4083","4083","4083"
"27665","953","953","953","4085","4085","4085"
"27694","954","954","954","4086","4086","4086"
"27699","955","955","955","4088","4088","4088"
"27723","955","955","955","4090","4090","4090"
"27749","956","956","956","4092","4092","4092"
"27752","956","956","956","4094","4094","4094"
"27781","957","957","957","4095","4095","4095"
"27799","958","958","958","4097","4097","4097"
"27810","958","958","958","4099","4099","4099"
"27839","959","959","959","4100","4100","4100"
"27849","960","960","960","4102","4102","4102"
"27868","960","960","960","4104","4104","4104"
"27897","961","961","961","4105","4105","4105"
"27899","962","962","962","4107","4107","4107"
"27926","962","962","962","4109","4109","4109"
"27949","963","963","963","4111","4111","4111"
"27955","963","963","963","4113","4113","4113"
"27984","964","964","964","4114","4114","4114"
"27999","965","965","965","4116","4116","4116"
"28013","965","965","965","4118","4118","4118"
"28042","966","966","966","4119","4119","4119"
"28049","967","967","967","4121","4121","4121"
"28071","967","967","967","4123","4123","4123"
"28099","968","968","968","4125","4125","4125"
"28100","968","968","968","4127","4127","4127"
"28129","969","969","969","4128","4128","4128"
"28149","970","970","970","4130","4130","4130"
"28158","970","970","970","4132","4132","4132"
"28187","971","971","971","4133","4133","4133"
"28199","972","972","972","4135","4135","4135"
"28216","972","972","972","4137","4137","4137"
"28245","973","973","973","4138","4138","4138"
"28249","974","974","974","4140","4140","4140"
"28274","974","974","974","4142","4142","4142"
"28299","975","975","975","4144","4144","4144"
"28303","975","975","975","4146","4146","4146"
"28332","976","976","976","4147","4147","4147"
"28349","977","977","977","4149","4149","4149"
"28361","977","977","977","4151","4151","4151"
"28390","978","978","978","4152","4152","4152"
"28399","979","979","979","4154","4154","4154"
"28419","979","979","979","4156","4156","4156"
"28448","980","980","980","4157","4157","4157"
"28449","981","981","981","4159","4159","4159"
"28477","981","981","981","4161","4161","4161"
"28499","982","982","982","4163","4163","4163"
"28506","982","982","982","4165","4165","4165"
"28535","983","983","983","4166","4166","4166"
"28549","984","984","984","4168","4168","4168"
"28564","984","984","984","4170","4170","4170"
"28593","985","985","985","4171","4171","4171"
"28599","986","986","986","4173","4173","4173"
"28622","986","986","986","4175","4175","4175"
"28649","987","987","987","4177","4177","4177"
"28651","987","987","987","4179","4179","4179"
"28680","988","988","988","4180","4180","4180"
"28699","989","989","989","4182","4182","4182"
"28709","989","989","989","4184","4184","4184"
"28738","990","990","990","4185","4185","4185"
"28749","991","991","991","4187","4187","4187"
"28767","991","991","991","4189","4189","4189"
"28796","992","992","992","4190","4190","4190"
"28799","993","993","993","4192","4192","4192"
"28825","993","993","993","4194","4194","4194"
"28849","994","994","994","4196","4196","4196"
"28854","994","994","994","4198","4198","4198"
"28883","995","995","995","4199","4199","4199"
"28899","996","996","996","4201","4201","4201"
"28912","996","996","996","4203","4203","4203"
"28941","997","997","997","4204","4204","4204"
"28949","998","998","998","4206","4206","4206"
"28970","998","998","998","4208","4208","4208"
"28999","999","999","999","4293","4210","4335"
"29028","1000","1000","1000","4337","4337","4337"
"29049","1001","1001","1001","4339","4339","4339"
"29057","1001","1001","1001","4341","4341","4341"
"29086","1002","1002","1002","4342","4342","4342"
"29099","1003","1003","1003","4344","4344","4344"
"29115","1003","1003","1003","4346","4346","4346"
"29144","1004","1004","1004","4347","4347","4347"
"29149","1005","1005","1005","4349","4349","4349"
"29173","1005","1005","1005","4351","4351","4351"
"29199","1006","1006","1006","4353","4353","4353"
"29202","1006","1006","1006","4355","4355","4355"
"29231","1007","1007","1007","4356","4356","4356"
"29249","1008","1008","1008","4358","4358","4358"
"29260","1008","1008","1008","4360","4360","4360"
"29289","1009","1009","1009","4361","4361","4361"
"29299","1010","1010","1010","4363","4363","4363"
"29318","1010","1010","1010","4365","4365","4365"
"29347","1011","1011","1011","4366","4366","4366"
"29349","1012","1012","1012","4368","4368","4368"
"29376","1012","1012","1012","4370","4370","4370"
"29399","1013","1013","1013","4372","4372","4372"
"29405","1013","1013","1013","4374","4374","4374"
"29434","1014","1014","1014","4375","4375","4375"
"29449","1015","1015","1015","4377","4377","4377"
"29463","1015","1015","1015","4379","4379","4379"
"29492","1016","1016","1016","4380","4380","4380"
"29499","1017","1017","1017","4382","4382","4382"
"29521","1017","1017","1017","4384","4384","4384"
"29549","1018","1018","1018","4386","4386","4386"
"29550","1018","1018","1018","4388","4388","4388"
"29579","1019","1019","1019","4389","4389","4389"
"29599","1020","1020","1020","4391","4391","4391"
"29608","1020","1020","1020","4393","4393","4393"
"29637","1021","1021","1021","4394","4394","4394"
"29649","1022","1022","1022","4396","4396","4396"
"29666","1022","1022","1022","4398","4398","4398"
"29695","1023","1023","1023","4399","4399","4399"
"29699","1024","1024","1024","4401","4401","4401"
"29724","1024","1024","1024","4403","4403","4403"
"29749","1025","1025","1025","4405","4405","4405"
"29753","1025","1025","1025","4407","4407","4407"
"29782","1026","1026","1026","4408","4408","4408"
"29799","1027","1027","1027","4410","4410","4410"
"29811","1027","1027","1027","4412","4412","4412"
"29840","1028","1028","1028","4413","4413","4413"
"29849","1029","1029","1029","4415","4415","4415"
"29869","1029","1029","1029","4417","4417","4417"
"29898","1030","1030","1030","4418","4418","4418"
"29899","1031","1031","1031","4420","4420","4420"
"29927","1031","1031","1031","4422","4422","4422"
"29949","1032","1032","1032","4424","4424","4424"
"29956","1032","1032","1032","4426","4426","4426"
"29985","1033","1033","1033","4427","4427","4427"
"29999","1034","1034","1034","4429","4429","4429"
"30014","1034","1034","1034","4431","4431","4431"
"30043","1035","1035","1035","4432","4432","4432"
"30049","1036","1036","1036","4434","4434","4434"
"30072","1036","1036","1036","4436","4436","4436"
"30099","1037","1037","1037","4438","4438","4438"
"30101","1037","1037","1037","4440","4440","4440"
"30130","1038","1038","1038","4441","4441","4441"
"30149","1039","1039","1039","4443","4443","4443"
"30159","1039","1039","1039","4445","4445","4445"
"30188","1040","1040","1040","4446","4446","4446"
"30199","1041","1041","1041","4448","4448","4448"
"30217","1041","1041","1041","4450","4450","4450"
"30246","1042","1042","1042","4451","4451","4451"
"30249","1043","1043","1043","4453","4453","4453"
"30275","1043","1043","1043","4455","4455","4455"
"30299","1044","1044","1044","4457","4457","4457"
"30304","1044","1044","1044","4459","4459","4459"
"30333","1045","1045","1045","4460","4460","4460"
"30349","1046","1046","1046","4462","4462","4462"
"30362","1046","1046","1046","4464","4464","4464"
"30391","1047","1047","1047","4465","4465","4465"
"30399","1048","1048","1048","4467","4467","4467"
"30420","1048","1048","1048","4469","4469","4469"
"30449","1049","1049","1049","4471.5","4471","4472"
"30478","1050","1050","1050","4474","4474","4474"
"30499","1051","1051","1051","4476","4476","4476"
"30507","1051","1051","1051","4478","4478","4478"
"30536","1052","1052","1052","4479","4479","4479"
"30549","1053","1053","1053","4481","4481","4481"
"30565","1053","1053","1053","4483","4483","4483"
"30594","1054","1054","1054","4484","4484","4484"
"30599","1055","1055","1055","4486","4486","4486"
"30623","1055","1055","1055","4488","4488","4488"
"30649","1056","1056","1056","4490","4490","4490"
"30652","1056","1056","1056","4492","4492","4492"
"30681","1057","1057","1057","4493","4493","4493"
"30699","1058","1058","1058","4495","4495","4495"
"30710","1058","1058","1058","4497","4497","4497"
"30739","1059","1059","1059","4498","4498","4498"
"30749","1060","1060","1060","4500","4500","4500"
"30768","1060","1060","1060","4502","4502","4502"
"30797","1061","1061","1061","4503","4503","4503"
"30799","1062","1062","1062","4505","4505","4505"
"30826","1062","1062","1062","4507","4507","4507"
"30849","1063","1063","1063","4509","4509","4509"
"30855","1063","1063","1063","4511","4511","4511"
"30884","1064","1064","1064","4512","4512","4512"
"30899","1065","1065","1065","4514","4514","4514"
"30913","1065","1065","1065","4516","4516","4516"
"30942","1066","1066","1066","4517","4517","4517"
"30949","1067","1067","1067","4519","4519","4519"
"30971","1067","1067","1067","4521","4521","4521"
"30999","1068","1068","1068","4523","4523","4523"
"31000","1068","1068","1068","4525","4525","4525"
"31029","1069","1069","1069","4526","4526","4526"
"31049","1070","1070","1070","4528","4528","4528"
"31058","1070","1070","1070","4530","4530","4530"
"31087","1071","1071","1071","4531","4531","4531"
"31099","1072","1072","1072","4533","4533","4533"
"31116","1072","1072","1072","4535","4535","4535"
"31145","1073","1073","1073","4536","4536","4536"
"31149","1074","1074","1074","4538","4538","4538"
"31174","1074","1074","1074","4540","4540","4540"
"31199","1075","1075","1075","4542","4542","4542"
"31203","1075","1075","1075","4544","4544","4544"
"31232","1076","1076","1076","4545","4545","4545"
"31249","1077","1077","1077","4547","4547","4547"
"31261","1077","1077","1077","4549","4549","4549"
"31290","1078","1078","1078","4550","4550","4550"
"31299","1079","1079","1079","4552","4552","4552"
"31319","1079","1079","1079","4554","4554","4554"
"31348","1080","1080","1080","4555","4555","4555"
"31349","1081","1081","1081","4557","4557","4557"
"31377","1081","1081","1081","4559","4559","4559"
"31399","1082","1082","1082","4561","4561","4561"
"31406","1082","1082","1082","4563","4563","4563"
"31435","1083","1083","1083","4564","4564","4564"
"31449","1084","1084","1084","4566","4566","4566"
"31464","1084","1084","1084","4568","4568","4568"
"31493","1085","1085","1085","4569","4569","4569"
"31499","1086","1086","1086","4571","4571","4571"
"31522","1086","1086","1086","4573","4573","4573"
"31549","1087","1087","1087","4575","4575","4575"
"31551","1087","1087","1087","4577","4577","4577"
"31580","1088","1088","1088","4578","4578","4578"
"31599","1089","1089","1089","4580","4580","4580"
"31609","1089","1089","1089","4582","4582","4582"
"31638","1090","1090","1090","4583","4583","4583"
"31649","1091","1091","1091","4585","4585","4585"
"31667","1091","1091","1091","4587","4587","4587"
"31696","1092","1092","1092","4588","4588","4588"
"31699","1093","1093","1093","4590","4590","4590"
"31725","1093","1093","1093","4592","4592","4592"
"31749","1094","1094","1094","4594","4594","4594"
"31754","1094","1094","1094","4596","4596","4596"
"31783","1095","1095","1095","4597","4597","4597"
"31799","1096","1096","1096","4599","4599","4599"
"31812","1096","1096","1096","4601","4601","4601"
"31841","1097","1097","1097","4602","4602","4602"
"31849","1098","1098","1098","4604","4604","4604"
"31870","1098","1098","1098","4606","4606","4606"
"31899","1099","1099","1099","4691","4608","4733"
"31928","1100","1100","1100","4907.333333333333","4735","5094"
"31949","1101","1101","1101","4909.333333333333","4737","5096"
"31957","1101","1101","1101","4911.333333333333","4739","5098"
"31986","1102","1102","1102","4912.333333333333","4740","5099"
"31999","1121","1103","1175","4960.75","4742","5101"
"32015","1103","1103","1103","4916.333333333333","4744","5103"
"32044","1104","1104","1104","4917.333333333333","4745","5104"
"32049","1123","1105","1177","4965.75","4747","5106"
"32073","1105","1105","1105","4921.333333333333","4749","5108"
"32099","1106","1106","1106","4923.333333333333","4751","5110"
"32100","1180","1180","1180","5111","5111","5111"
"32102","1106","1106","1106","4925.333333333333","4753","5112"
"32131","1107","1107","1107","4926.333333333333","4754","5113"
"32149","1108","1108","1108","4928.333333333333","4756","5115"
"32160","1108","1108","1108","4930.333333333333","4758","5117"
"32189","1109","1109","1109","4931.333333333333","4759","5118"
"32199","1128","1110","1182","4979.75","4761","5120"
"32218","1110","1110","1110","4935.333333333333","4763","5122"
"32247","1111","1111","1111","4936.333333333333","4764","5123"
"32249","1130","1112","1184","4984.75","4766","5125"
"32276","1112","1112","1112","4940.333333333333","4768","5127"
"32299","1113","1113","1113","4942.333333333333","4770","5129"
"32305","1113","1113","1113","4944.333333333333","4772","5131"
"32334","1114","1114","1114","4945.333333333333","4773","5132"
"32349","1133","1115","1187","4993.75","4775","5134"
"32363","1115","1115","1115","4949.333333333333","4777","5136"
"32392","1116","1116","1116","4950.333333333333","4778","5137"
"32399","1135","1117","1189","4998.75","4780","5139"
"32421","1117","1117","1117","4954.333333333333","4782","5141"
"32449","1118","1118","1118","4956.333333333333","4784","5143"
"32450","1136.5","1118","1192","5004.75","4786","5145"
"32479","1119","1119","1119","4959.333333333333","4787","5146"
"32499","1120","1120","1120","4961.333333333333","4789","5148"
"32508","1120","1120","1120","4963.333333333333","4791","5150"
"32537","1121","1121","1121","4964.333333333333","4792","5151"
"32549","1140","1122","1194","5012.75","4794","5153"
"32566","1122","1122","1122","4968.333333333333","4796","5155"
"32595","1123","1123","1123","4969.333333333333","4797","5156"
"32599","1142","1124","1196","5017.75","4799","5158"
"32624","1124","1124","1124","4973.333333333333","4801","5160"
"32649","1125","1125","1125","4975.333333333333","4803","5162"
"32653","1125","1125","1125","4977.333333333333","4805","5164"
"32682","1126","1126","1126","4978.333333333333","4806","5165"
"32699","1127","1127","1127","4980.333333333333","4808","5167"
"32711","1127","1127","1127","4982.333333333333","4810","5169"
"32740","1128","1128","1128","4983.333333333333","4811","5170"
"32749","1129","1129","1129","4985.333333333333","4813","5172"
"32769","1129","1129","1129","4987.333333333333","4815","5174"
"32798","1130","1130","1130","4988.333333333333","4816","5175"
"32799","1131","1131","1131","4990.333333333333","4818","5177"
"32827","1131","1131","1131","4992.333333333333","4820","5179"
"32849","1132","1132","1132","4994.333333333333","4822","5181"
"32856","1132","1132","1132","4996.333333333333","4824","5183"
"32885","1133","1133","1133","4997.333333333333","4825","5184"
"32899","1134","1134","1134","4999.333333333333","4827","5186"
"32914","1134","1134","1134","5001.333333333333","4829","5188"
"32943","1135","1135","1135","5002.333333333333","4830","5189"
"32949","1136","1136","1136","5004.333333333333","4832","5191"
"32972","1136","1136","1136","5006.333333333333","4834","5193"
"32999","1137","1137","1137","5008.333333333333","4836","5195"
"33001","1137","1137","1137","5010.333333333333","4838","5197"
"33030","1138","1138","1138","5011.333333333333","4839","5198"
"33049","1139","1139","1139","5013.333333333333","4841","5200"
"33059","1139","1139","1139","5015.333333333333","4843","5202"
"33088","1140","1140","1140","5016.333333333333","4844","5203"
"33099","1141","1141","1141","5018.333333333333","4846","5205"
"33117","1141","1141","1141","5020.333333333333","4848","5207"
"33146","1142","1142","1142","5021.333333333333","4849","5208"
"33149","1143","1143","1143","5023.333333333333","4851","5210"
"33175","1143","1143","1143","5025.333333333333","4853","5212"
"33199","1144","1144","1144","5027.333333333333","4855","5214"
"33204","1144","1144","1144","5029.333333333333","4857","5216"
"33233","1145","1145","1145","5030.333333333333","4858","5217"
"33249","1146","1146","1146","5032.333333333333","4860","5219"
"33262","1146","1146","1146","5034.333333333333","4862","5221"
"33291","1147","1147","1147","5035.333333333333","4863","5222"
"33299","1148","1148","1148","5037.333333333333","4865","5224"
"33320","1148","1148","1148","5039.333333333333","4867","5226"
"33349","1149","1149","1149","5041.833333333333","4869","5229"
"33378","1150","1150","1150","5044.333333333333","4872","5231"
"33399","1151","1151","1151","5046.333333333333","4874","5233"
"33407","1151","1151","1151","5048.333333333333","4876","5235"
"33436","1152","1152","1152","5049.333333333333","4877","5236"
"33449","1153","1153","1153","5051.333333333333","4879","5238"
"33465","1153","1153","1153","5053.333333333333","4881","5240"
"33494","1154","1154","1154","5054.333333333333","4882","5241"
"33499","1155","1155","1155","5056.333333333333","4884","5243"
"33523","1155","1155","1155","5058.333333333333","4886","5245"
"33549","1156","1156","1156","5060.333333333333","4888","5247"
"33552","1156","1156","1156","5062.333333333333","4890","5249"
"33581","1157","1157","1157","5063.333333333333","4891","5250"
"33599","1158","1158","1158","5151.5","5051","5252"
"33610","1158","1158","1158","5153.5","5053","5254"
"33639","1159","1159","1159","5154.5","5054","5255"
"33649","1160","1160","1160","5156.5","5056","5257"
"33668","1160","1160","1160","5158.5","5058","5259"
"33697","1161","1161","1161","5159.5","5059","5260"
"33699","1162","1162","1162","5161.5","5061","5262"
"33726","1162","1162","1162","5163.5","5063","5264"
"33749","1163","1163","1163","5165.5","5065","5266"
"33755","1163","1163","1163","5167.5","5067","5268"
"33784","1164","1164","1164","5168.5","5068","5269"
"33799","1165","1165","1165","5170.5","5070","5271"
"33813","1165","1165","1165","5172.5","5072","5273"
"33842","1166","1166","1166","5173.5","5073","5274"
"33849","1167","1167","1167","5175.5","5075","5276"
"33871","1167","1167","1167","5177.5","5077","5278"
"33899","1168","1168","1168","5179.5","5079","5280"
"33900","1168","1168","1168","5181.5","5081","5282"
"33929","1169","1169","1169","5182.5","5082","5283"
"33949","1170","1170","1170","5184.5","5084","5285"
"33958","1170","1170","1170","5186.5","5086","5287"
"33987","1171","1171","1171","5187.5","5087","5288"
"33999","1181","1172","1199","5222.666666666667","5089","5290"
"34000","1200","1200","1200","5291","5291","5291"
"34016","1172","1172","1172","5191.5","5091","5292"
"34045","1173","1173","1173","5192.5","5092","5293"
"34049","1174","1174","1174","5295","5295","5295"
"34050","1202","1202","1202","5296","5296","5296"
"34074","1174","1174","1174","5297","5297","5297"
"34099","1189","1175","1203","5298.5","5298","5299"
"34100","1203","1203","1203","5300","5300","5300"
"34103","1175","1175","1175","5301","5301","5301"
"34132","1176","1176","1176","5302","5302","5302"
"34149","1191","1177","1205","5303.5","5303","5304"
"34150","1205","1205","1205","5305","5305","5305"
"34161","1177","1177","1177","5306","5306","5306"
"34190","1178","1178","1178","5307","5307","5307"
"34199","1179","1179","1179","5309","5309","5309"
"34200","1207","1207","1207","5310","5310","5310"
"34219","1179","1179","1179","5311","5311","5311"
"34248","1180","1180","1180","5312","5312","5312"
"34249","1181","1181","1181","5314","5314","5314"
"34250","1209","1209","1209","5315","5315","5315"
"34277","1181","1181","1181","5316","5316","5316"
"34299","1196","1182","1210","5317.5","5317","5318"
"34300","1210","1210","1210","5319","5319","5319"
"34306","1182","1182","1182","5320","5320","5320"
"34335","1183","1183","1183","5321","5321","5321"
"34349","1198","1184","1212","5322.5","5322","5323"
"34350","1212","1212","1212","5324","5324","5324"
"34364","1184","1184","1184","5325","5325","5325"
"34393","1185","1185","1185","5326","5326","5326"
"34399","1186","1186","1186","5328","5328","5328"
"34400","1214","1214","1214","5329","5329","5329"
"34422","1186","1186","1186","5330","5330","5330"
"34449","1201","1187","1215","5331.5","5331","5332"
"34450","1215","1215","1215","5333","5333","5333"
"34451","1187","1187","1187","5334","5334","5334"
"34480","1188","1188","1188","5335","5335","5335"
"34499","1203","1189","1217","5336.5","5336","5337"
"34500","1217","1217","1217","5338","5338","5338"
"34509","1189","1189","1189","5339","5339","5339"
"34538","1190","1190","1190","5340","5340","5340"
"34549","1191","1191","1191","5342","5342","5342"
"34550","1219","1219","1219","5343","5343","5343"
"34567","1191","1191","1191","5344","5344","5344"
"34596","1192","1192","1192","5345","5345","5345"
"34599","1193","1193","1193","5347","5347","5347"
"34600","1221","1221","1221","5348","5348","5348"
"34625","1193","1193","1193","5349","5349","5349"
"34649","1208","1194","1222","5350.5","5350","5351"
"34650","1222","1222","1222","5352","5352","5352"
"34654","1194","1194","1194","5353","5353","5353"
"34683","1195","1195","1195","5354","5354","5354"
"34699","1210","1196","1224","5355.5","5355","5356"
"34700","1224","1224","1224","5357","5357","5357"
"34712","1196","1196","1196","5358","5358","5358"
"34741","1197","1197","1197","5359","5359","5359"
"34749","1198","1198","1198","5361","5361","5361"
"34750","1226","1226","1226","5362","5362","5362"
"34770","1198","1198","1198","5363","5363","5363"
"34799","1206","1199","1227","5427","5364","5490"
"34800","1249.358208955224","1227","1272","5425.9701492537315","5366","5487"
"34828","1200","1200","1200","5492","5492","5492"
"34849","1201","1201","1201","5494","5494","5494"
"34857","1201","1201","1201","5496","5496","5496"
"34886","1202","1202","1202","5497","5497","5497"
"34899","1239","1203","1275","5498.5","5498","5499"
"34915","1203","1203","1203","5501","5501","5501"
"34944","1204","1204","1204","5502","5502","5502"
"34949","1241","1205","1277","5503.5","5503","5504"
"34973","1205","1205","1205","5506","5506","5506"
"34999","1206","1206","1206","5508","5508","5508"
"35000","1280","1280","1280","5509","5509","5509"
"35002","1206","1206","1206","5510","5510","5510"
"35031","1207","1207","1207","5511","5511","5511"
"35049","1208","1208","1208","5513","5513","5513"
"35060","1208","1208","1208","5515","5515","5515"
"35089","1209","1209","1209","5516","5516","5516"
"35099","1246","1210","1282","5517.5","5517","5518"
"35118","1210","1210","1210","5520","5520","5520"
"35147","1211","1211","1211","5521","5521","5521"
"35149","1248","1212","1284","5522.5","5522","5523"
"35176","1212","1212","1212","5525","5525","5525"
"35199","1213","1213","1213","5527","5527","5527"
"35205","1213","1213","1213","5529","5529","5529"
"35234","1214","1214","1214","5530","5530","5530"
"35249","1251","1215","1287","5531.5","5531","5532"
"35263","1215","1215","1215","5534","5534","5534"
"35292","1216","1216","1216","5535","5535","5535"
"35299","1253","1217","1289","5536.5","5536","5537"
"35321","1217","1217","1217","5539","5539","5539"
"35349","1218","1218","1218","5541","5541","5541"
"35350","1255","1218","1292","5542.5","5542","5543"
"35379","1219","1219","1219","5544","5544","5544"
"35399","1220","1220","1220","5546","5546","5546"
"35408","1220","1220","1220","5548","5548","5548"
"35437","1221","1221","1221","5549","5549","5549"
"35449","1258","1222","1294","5550.5","5550","5551"
"35466","1222","1222","1222","5553","5553","5553"
"35495","1223","1223","1223","5554","5554","5554"
"35499","1260","1224","1296","5555.5","5555","5556"
"35524","1224","1224","1224","5558","5558","5558"
"35549","1225","1225","1225","5560","5560","5560"
"35553","1225","1225","1225","5562","5562","5562"
"35582","1226","1226","1226","5563","5563","5563"
"35599","1227","1227","1227","5565","5565","5565"
"35611","1227","1227","1227","5567","5567","5567"
"35640","1228","1228","1228","5568","5568","5568"
"35649","1229","1229","1229","5570","5570","5570"
"35669","1229","1229","1229","5572","5572","5572"
"35698","1230","1230","1230","5573","5573","5573"
"35699","1231","1231","1231","5575","5575","5575"
"35727","1231","1231","1231","5577","5577","5577"
"35749","1232","1232","1232","5579","5579","5579"
"35756","1232","1232","1232","5581","5581","5581"
"35785","1233","1233","1233","5582","5582","5582"
"35799","1234","1234","1234","5584","5584","5584"
"35814","1234","1234","1234","5586","5586","5586"
"35843","1235","1235","1235","5587","5587","5587"
"35849","1236","1236","1236","5589","5589","5589"
"35872","1236","1236","1236","5591","5591","5591"
"35899","1237","1237","1237","5593","5593","5593"
"35901","1237","1237","1237","5595","5595","5595"
"35930","1238","1238","1238","5596","5596","5596"
"35949","1239","1239","1239","5598","5598","5598"
"35959","1239","1239","1239","5600","5600","5600"
"35988","1240","1240","1240","5601","5601","5601"
"35999","1241","1241","1241","5603","5603","5603"
"36017","1241","1241","1241","5605","5605","5605"
"36046","1242","1242","1242","5606","5606","5606"
"36049","1243","1243","1243","5608","5608","5608"
"36075","1243","1243","1243","5610","5610","5610"
"36099","1244","1244","1244","5612","5612","5612"
"36104","1244","1244","1244","5614","5614","5614"
"36133","1245","1245","1245","5615","5615","5615"
"36149","1246","1246","1246","5617","5617","5617"
"36162","1246","1246","1246","5619","5619","5619"
"36191","1247","1247","1247","5620","5620","5620"
"36199","1248","1248","1248","5622","5622","5622"
"36220","1248","1248","1248","5624","5624","5624"
"36249","1249","1249","1249","5626.5","5626","5627"
"36278","1250","1250","1250","5629","5629","5629"
"36299","1251","1251","1251","5631","5631","5631"
"36307","1251","1251","1251","5633","5633","5633"
"36336","1252","1252","1252","5634","5634","5634"
"36349","1253","1253","1253","5636","5636","5636"
"36365","1253","1253","1253","5638","5638","5638"
"36394","1254","1254","1254","5639","5639","5639"
"36399","1255","1255","1255","5641","5641","5641"
"36423","1255","1255","1255","5643","5643","5643"
"36449","1256","1256","1256","5645","5645","5645"
"36452","1256","1256","1256","5647","5647","5647"
"36481","1257","1257","1257","5648","5648","5648"
"36499","1258","1258","1258","5650","5650","5650"
"36510","1258","1258","1258","5652","5652","5652"
"36539","1259","1259","1259","5653","5653","5653"
"36549","1260","1260","1260","5655","5655","5655"
"36568","1260","1260","1260","5657","5657","5657"
"36597","1261","1261","1261","5658","5658","5658"
"36599","1262","1262","1262","5660","5660","5660"
"36626","1262","1262","1262","5662","5662","5662"
"36649","1263","1263","1263","5664","5664","5664"
"36655","1263","1263","1263","5666","5666","5666"
"36684","1264","1264","1264","5667","5667","5667"
"36699","1265","1265","1265","5669","5669","5669"
"36713","1265","1265","1265","5671","5671","5671"
"36742","1266","1266","1266","5672","5672","5672"
"36749","1267","1267","1267","5674","5674","5674"
"36771","1267","1267","1267","5676","5676","5676"
"36799","1268","1268","1268","5678","5678","5678"
"36800","1268","1268","1268","5680","5680","5680"
"36829","1269","1269","1269","5681","5681","5681"
"36849","1270","1270","1270","5683","5683","5683"
"36858","1270","1270","1270","5685","5685","5685"
"36887","1271","1271","1271","5686","5686","5686"
"36899","1285.5","1272","1299","5687.5","5687","5688"
"36900","1300","1300","1300","5689","5689","5689"
"36916","1272","1272","1272","5690","5690","5690"
"36945","1273","1273","1273","5691","5691","5691"
"36949","1274","1274","1274","5693","5693","5693"
"36950","1302","1302","1302","5694","5694","5694"
"36974","1274","1274","1274","5695","5695","5695"
"36999","1289","1275","1303","5696.5","5696","5697"
"37000","1303","1303","1303","5698","5698","5698"
"37003","1275","1275","1275","5699","5699","5699"
"37032","1276","1276","1276","5700","5700","5700"
"37049","1291","1277","1305","5701.5","5701","5702"
"37050","1305","1305","1305","5703","5703","5703"
"37061","1277","1277","1277","5704","5704","5704"
"37090","1278","1278","1278","5705","5705","5705"
"37099","1279","1279","1279","5707","5707","5707"
"37100","1307","1307","1307","5708","5708","5708"
"37119","1279","1279","1279","5709","5709","5709"
"37148","1280","1280","1280","5710","5710","5710"
"37149","1281","1281","1281","5712","5712","5712"
"37150","1309","1309","1309","5713","5713","5713"
"37177","1281","1281","1281","5714","5714","5714"
"37199","1296","1282","1310","5715.5","5715","5716"
"37200","1310","1310","1310","5717","5717","5717"
"37206","1282","1282","1282","5718","5718","5718"
"37235","1283","1283","1283","5719","5719","5719"
"37249","1298","1284","1312","5720.5","5720","5721"
"37250","1312","1312","1312","5722","5722","5722"
"37264","1284","1284","1284","5723","5723","5723"
"37293","1285","1285","1285","5724","5724","5724"
"37299","1286","1286","1286","5726","5726","5726"
"37300","1314","1314","1314","5727","5727","5727"
"37322","1286","1286","1286","5728","5728","5728"
"37349","1301","1287","1315","5729.5","5729","5730"
"37350","1315","1315","1315","5731","5731","5731"
"37351","1287","1287","1287","5732","5732","5732"
"37380","1288","1288","1288","5733","5733","5733"
"37399","1303","1289","1317","5734.5","5734","5735"
"37400","1317","1317","1317","5736","5736","5736"
"37409","1289","1289","1289","5737","5737","5737"
"37438","1290","1290","1290","5738","5738","5738"
"37449","1291","1291","1291","5740","5740","5740"
"37450","1319","1319","1319","5741","5741","5741"
"37467","1291","1291","1291","5742","5742","5742"
"37496","1292","1292","1292","5743","5743","5743"
"37499","1293","1293","1293","5745","5745","5745"
"37500","1321","1321","1321","5746","5746","5746"
"37525","1293","1293","1293","5747","5747","5747"
"37549","1308","1294","1322","5748.5","5748","5749"
"37550","1322","1322","1322","5750","5750","5750"
"37554","1294","1294","1294","5751","5751","5751"
"37583","1295","1295","1295","5752","5752","5752"
"37599","1310","1296","1324","5753.5","5753","5754"
"37600","1324","1324","1324","5755","5755","5755"
"37612","1296","1296","1296","5756","5756","5756"
"37641","1297","1297","1297","5757","5757","5757"
"37649","1298","1298","1298","5759","5759","5759"
"37650","1326","1326","1326","5760","5760","5760"
"37670","1298","1298","1298","5761","5761","5761"
"37699","1306","1299","1327","5825","5762","5888"
"37700","1349.358208955224","1327","1372","5823.9701492537315","5764","5885"
"37728","1300","1300","1300","5890","5890","5890"
"37749","1301","1301","1301","5892","5892","5892"
"37757","1301","1301","1301","5894","5894","5894"
"37786","1302","1302","1302","5895","5895","5895"
"37799","1339","1303","1375","5896.5","5896","5897"
"37815","1303","1303","1303","5899","5899","5899"
"37844","1304","1304","1304","5900","5900","5900"
"37849","1341","1305","1377","5901.5","5901","5902"
"37873","1305","1305","1305","5904","5904","5904"
"37899","1306","1306","1306","5906","5906","5906"
"37900","1380","1380","1380","5907","5907","5907"
"37902","1306","1306","1306","5908","5908","5908"
"37931","1307","1307","1307","5909","5909","5909"
"37949","1308","1308","1308","5911","5911","5911"
"37960","1308","1308","1308","5913","5913","5913"
"37989","1309","1309","1309","5914","5914","5914"
"37999","1346","1310","1382","5915.5","5915","5916"
"38018","1310","1310","1310","5918","5918","5918"
"38047","1311","1311","1311","5919","5919","5919"
"38049","1348","1312","1384","5920.5","5920","5921"
"38076","1312","1312","1312","5923","5923","5923"
"38099","1313","1313","1313","5925","5925","5925"
"38105","1313","1313","1313","5927","5927","5927"
"38134","1314","1314","1314","5928","5928","5928"
"38149","1351","1315","1387","5929.5","5929","5930"
"38163","1315","1315","1315","5932","5932","5932"
"38192","1316","1316","1316","5933","5933","5933"
"38199","1353","1317","1389","5934.5","5934","5935"
"38221","1317","1317","1317","5937","5937","5937"
"38249","1318","1318","1318","5939","5939","5939"
"38250","1355","1318","1392","5940.5","5940","5941"
"38279","1319","1319","1319","5942","5942","5942"
"38299","1320","1320","1320","5944","5944","5944"
"38308","1320","1320","1320","5946","5946","5946"
"38337","1321","1321","1321","5947","5947","5947"
"38349","1358","1322","1394","5948.5","5948","5949"
"38366","1322","1322","1322","5951","5951","5951"
"38395","1323","1323","1323","5952","5952","5952"
"38399","1360","1324","1396","5953.5","5953","5954"
"38424","1324","1324","1324","5956","5956","5956"
"38449","1325","1325","1325","5958","5958","5958"
"38453","1325","1325","1325","5960","5960","5960"
"38482","1326","1326","1326","5961","5961","5961"
"38499","1327","1327","1327","5963","5963","5963"
"38511","1327","1327","1327","5965","5965","5965"
"38540","1328","1328","1328","5966","5966","5966"
"38549","1329","1329","1329","5968","5968","5968"
"38569","1329","1329","1329","5970","5970","5970"
"38598","1330","1330","1330","5971","5971","5971"
"38599","1331","1331","1331","5973","5973","5973"
"38627","1331","1331","1331","5975","5975","5975"
"38649","1332","1332","1332","5977","5977","5977"
"38656","1332","1332","1332","5979","5979","5979"
"38685","1333","1333","1333","5980","5980","5980"
"38699","1334","1334","1334","5982","5982","5982"
"38714","1334","1334","1334","5984","5984","5984"
"38743","1335","1335","1335","5985","5985","5985"
"38749","1336","1336","1336","5987","5987","5987"
"38772","1336","1336","1336","5989","5989","5989"
"38799","1337","1337","1337","5991","5991","5991"
"38801","1337","1337","1337","5993","5993","5993"
"38830","1338","1338","1338","5994","5994","5994"
"38849","1339","1339","1339","5996","5996","5996"
"38859","1339","1339","1339","5998","5998","5998"
"38888","1340","1340","1340","5999","5999","5999"
"38899","1341","1341","1341","6001","6001","6001"
"38917","1341","1341","1341","6003","6003","6003"
"38946","1342","1342","1342","6004","6004","6004"
"38949","1343","1343","1343","6006","6006","6006"
"38975","1343","1343","1343","6008","6008","6008"
"38999","1344","1344","1344","6010","6010","6010"
"39004","1344","1344","1344","6012","6012","6012"
"39033","1345","1345","1345","6013","6013","6013"
"39049","1346","1346","1346","6015","6015","6015"
"39062","1346","1346","1346","6017","6017","6017"
"39091","1347","1347","1347","6018","6018","6018"
"39099","1348","1348","1348","6020","6020","6020"
"39120","1348","1348","1348","6022","6022","6022"
"39149","1349","1349","1349","6024.5","6024","6025"
"39178","1350","1350","1350","6027","6027","6027"
"39199","1351","1351","1351","6029","6029","6029"
"39207","1351","1351","1351","6031","6031","6031"
"39236","1352","1352","1352","6032","6032","6032"
"39249","1353","1353","1353","6034","6034","6034"
"39265","1353","1353","1353","6036","6036","6036"
"39294","1354","1354","1354","6037","6037","6037"
"39299","1355","1355","1355","6039","6039","6039"
"39323","1355","1355","1355","6041","6041","6041"
"39349","1356","1356","1356","6043","6043","6043"
"39352","1356","1356","1356","6045","6045","6045"
"39381","1357","1357","1357","6046","6046","6046"
"39399","1358","1358","1358","6048","6048","6048"
"39410","1358","1358","1358","6050","6050","6050"
"39439","1359","1359","1359","6051","6051","6051"
"39449","1360","1360","1360","6053","6053","6053"
"39468","1360","1360","1360","6055","6055","6055"
"39497","1361","1361","1361","6056","6056","6056"
"39499","1362","1362","1362","6058","6058","6058"
"39526","1362","1362","1362","6060","6060","6060"
"39549","1363","1363","1363","6062","6062","6062"
"39555","1363","1363","1363","6064","6064","6064"
"39584","1364","1364","1364","6065","6065","6065"
"39599","1365","1365","1365","6067","6067","6067"
"39613","1365","1365","1365","6069","6069","6069"
"39642","1366","1366","1366","6070","6070","6070"
"39649","1367","1367","1367","6072","6072","6072"
"39671","1367","1367","1367","6074","6074","6074"
"39699","1368","1368","1368","6076","6076","6076"
"39700","1368","1368","1368","6078","6078","6078"
"39729","1369","1369","1369","6079","6079","6079"
"39749","1370","1370","1370","6081","6081","6081"
"39758","1370","1370","1370","6083","6083","6083"
"39787","1371","1371","1371","6084","6084","6084"
"39799","1385.5","1372","1399","6085.5","6085","6086"
"39800","1400","1400","1400","6087","6087","6087"
"39816","1372","1372","1372","6088","6088","6088"
"39845","1373","1373","1373","6089","6089","6089"
"39849","1374","1374","1374","6091","6091","6091"
"39850","1402","1402","1402","6092","6092","6092"
"39874","1374","1374","1374","6093","6093","6093"
"39899","1389","1375","1403","6094.5","6094","6095"
"39900","1403","1403","1403","6096","6096","6096"
"39903","1375","1375","1375","6097","6097","6097"
"39932","1376","1376","1376","6098","6098","6098"
"39949","1391","1377","1405","6099.5","6099","6100"
"39950","1405","1405","1405","6101","6101","6101"
"39961","1377","1377","1377","6102","6102","6102"
"39990","1378","1378","1378","6103","6103","6103"
"39999","1379","1379","1379","6105","6105","6105"
"40000","1407","1407","1407","6106","6106","6106"
"40019","1379","1379","1379","6107","6107","6107"
"40048","1380","1380","1380","6108","6108","6108"
"40049","1381","1381","1381","6110","6110","6110"
"40050","1409","1409","1409","6111","6111","6111"
"40077","1381","1381","1381","6112","6112","6112"
"40099","1396","1382","1410","6113.5","6113","6114"
"40100","1410","1410","1410","6115","6115","6115"
"40106","1382","1382","1382","6116","6116","6116"
"40135","1383","1383","1383","6117","6117","6117"
"40149","1398","1384","1412","6118.5","6118","6119"
"40150","1412","1412","1412","6120","6120","6120"
"40164","1384","1384","1384","6121","6121","6121"
"40193","1385","1385","1385","6122","6122","6122"
"40199","1386","1386","1386","6124","6124","6124"
"40200","1414","1414","1414","6125","6125","6125"
"40222","1386","1386","1386","6126","6126","6126"
"40249","1401","1387","1415","6127.5","6127","6128"
"40250","1415","1415","1415","6129","6129","6129"
"40251","1387","1387","1387","6130","6130","6130"
"40280","1388","1388","1388","6131","6131","6131"
"40299","1403","1389","1417","6132.5","6132","6133"
"40300","1417","1417","1417","6134","6134","6134"
"40309","1389","1389","1389","6135","6135","6135"
"40338","1390","1390","1390","6136","6136","6136"
"40349","1391","1391","1391","6138","6138","6138"
"40350","1419","1419","1419","6139","6139","6139"
"40367","1391","1391","1391","6140","6140","6140"
"40396","1392","1392","1392","6141","6141","6141"
"40399","1393","1393","1393","6143","6143","6143"
"40400","1421","1421","1421","6144","6144","6144"
"40425","1393","1393","1393","6145","6145","6145"
"40449","1408","1394","1422","6146.5","6146","6147"
"40450","1422","1422","1422","6148","6148","6148"
"40454","1394","1394","1394","6149","6149","6149"
"40483","1395","1395","1395","6150","6150","6150"
"40499","1410","1396","1424","6151.5","6151","6152"
"40500","1424","1424","1424","6153","6153","6153"
"40512","1396","1396","1396","6154","6154","6154"
"40541","1397","1397","1397","6155","6155","6155"
"40549","1398","1398","1398","6157","6157","6157"
"40550","1426","1426","1426","6158","6158","6158"
"40570","1398","1398","1398","6159","6159","6159"
"40599","1406","1399","1427","6223","6160","6286"
"40600","1449.358208955224","1427","1472","6221.9701492537315","6162","6283"
"40628","1400","1400","1400","6288","6288","6288"
"40649","1401","1401","1401","6290","6290","6290"
"40657","1401","1401","1401","6292","6292","6292"
"40686","1402","1402","1402","6293","6293","6293"
"40699","1439","1403","1475","6294.5","6294","6295"
"40715","1403","1403","1403","6297","6297","6297"
"40744","1404","1404","1404","6298","6298","6298"
"40749","1441","1405","1477","6299.5","6299","6300"
"40773","1405","1405","1405","6302","6302","6302"
"40799","1406","1406","1406","6304","6304","6304"
"40800","1480","1480","1480","6305","6305","6305"
"40802","1406","1406","1406","6306","6306","6306"
"40831","1407","1407","1407","6307","6307","6307"
"40849","1408","1408","1408","6309","6309","6309"
"40860","1408","1408","1408","6311","6311","6311"
"40889","1409","1409","1409","6312","6312","6312"
"40899","1446","1410","1482","6313.5","6313","6314"
"40918","1410","1410","1410","6316","6316","6316"
"40947","1411","1411","1411","6317","6317","6317"
"40949","1448","1412","1484","6318.5","6318","6319"
"40976","1412","1412","1412","6321","6321","6321"
"40999","1413","1413","1413","6323","6323","6323"
"41005","1413","1413","1413","6325","6325","6325"
"41034","1414","1414","1414","6326","6326","6326"
"41049","1451","1415","1487","6327.5","6327","6328"
"41063","1415","1415","1415","6330","6330","6330"
"41092","1416","1416","1416","6331","6331","6331"
"41099","1453","1417","1489","6332.5","6332","6333"
"41121","1417","1417","1417","6335","6335","6335"
"41149","1418","1418","1418","6337","6337","6337"
"41150","1455","1418","1492","6338.5","6338","6339"
"41179","1419","1419","1419","6340","6340","6340"
"41199","1420","1420","1420","6342","6342","6342"
"41208","1420","1420","1420","6344","6344","6344"
"41237","1421","1421","1421","6345","6345","6345"
"41249","1458","1422","1494","6346.5","6346","6347"
"41266","1422","1422","1422","6349","6349","6349"
"41295","1423","1423","1423","6350","6350","6350"
"41299","1460","1424","1496","6351.5","6351","6352"
"41324","1424","1424","1424","6354","6354","6354"
"41349","1425","1425","1425","6356","6356","6356"
"41353","1425","1425","1425","6358","6358","6358"
"41382","1426","1426","1426","6359","6359","6359"
"41399","1427","1427","1427","6361","6361","6361"
"41411","1427","1427","1427","6363","6363","6363"
"41440","1428","1428","1428","6364","6364","6364"
"41449","1429","1429","1429","6366","6366","6366"
"41469","1429","1429","1429","6368","6368","6368"
"41498","1430","1430","1430","6369","6369","6369"
"41499","1431","1431","1431","6371","6371","6371"
"41527","1431","1431","1431","6373","6373","6373"
"41549","1432","1432","1432","6375","6375","6375"
"41556","1432","1432","1432","6377","6377","6377"
"41585","1433","1433","1433","6378","6378","6378"
"41599","1434","1434","1434","6380","6380","6380"
"41614","1434","1434","1434","6382","6382","6382"
"41643","1435","1435","1435","6383","6383","6383"
"41649","1436","1436","1436","6385","6385","6385"
"41672","1436","1436","1436","6387","6387","6387"
"41699","1437","1437","1437","6389","6389","6389"
"41701","1437","1437","1437","6391","6391","6391"
"41730","1438","1438","1438","6392","6392","6392"
"41749","1439","1439","1439","6394","6394","6394"
"41759","1439","1439","1439","6396","6396","6396"
"41788","1440","1440","1440","6397","6397","6397"
"41799","1441","1441","1441","6399","6399","6399"
"41817","1441","1441","1441","6401","6401","6401"
"41846","1442","1442","1442","6402","6402","6402"
"41849","1443","1443","1443","6404","6404","6404"
"41875","1443","1443","1443","6406","6406","6406"
"41899","1444","1444","1444","6408","6408","6408"
"41904","1444","1444","1444","6410","6410","6410"
"41933","1445","1445","1445","6411","6411","6411"
"41949","1446","1446","1446","6413","6413","6413"
"41962","1446","1446","1446","6415","6415","6415"
"41991","1447","1447","1447","6416","6416","6416"
"41999","1448","1448","1448","6418","6418","6418"
"42020","1448","1448","1448","6420","6420","6420"
"42049","1449","1449","1449","6422.5","6422","6423"
"42078","1450","1450","1450","6425","6425","6425"
"42099","1451","1451","1451","6427","6427","6427"
"42107","1451","1451","1451","6429","6429","6429"
"42136","1452","1452","1452","6430","6430","6430"
"42149","1453","1453","1453","6432","6432","6432"
"42165","1453","1453","1453","6434","6434","6434"
"42194","1454","1454","1454","6435","6435","6435"
"42199","1455","1455","1455","6437","6437","6437"
"42223","1455","1455","1455","6439","6439","6439"
"42249","1456","1456","1456","6441","6441","6441"
"42252","1456","1456","1456","6443","6443","6443"
"42281","1457","1457","1457","6444","6444","6444"
"42299","1458","1458","1458","6446","6446","6446"
"42310","1458","1458","1458","6448","6448","6448"
"42339","1459","1459","1459","6449","6449","6449"
"42349","1460","1460","1460","6451","6451","6451"
"42368","1460","1460","1460","6453","6453","6453"
"42397","1461","1461","1461","6454","6454","6454"
"42399","1462","1462","1462","6456","6456","6456"
"42426","1462","1462","1462","6458","6458","6458"
"42449","1463","1463","1463","6460","6460","6460"
"42455","1463","1463","1463","6462","6462","6462"
"42484","1464","1464","1464","6463","6463","6463"
"42499","1465","1465","1465","6465","6465","6465"
"42513","1465","1465","1465","6467","6467","6467"
"42542","1466","1466","1466","6468","6468","6468"
"42549","1467","1467","1467","6470","6470","6470"
"42571","1467","1467","1467","6472","6472","6472"
"42599","1468","1468","1468","6474","6474","6474"
"42600","1468","1468","1468","6476","6476","6476"
"42629","1469","1469","1469","6477","6477","6477"
"42649","1470","1470","1470","6479","6479","6479"
"42658","1470","1470","1470","6481","6481","6481"
"42687","1471","1471","1471","6482","6482","6482"
"42699","1485.5","1472","1499","6483.5","6483","6484"
"42700","1500","1500","1500","6485","6485","6485"
"42716","1472","1472","1472","6486","6486","6486"
"42745","1473","1473","1473","6487","6487","6487"
"42749","1474","1474","1474","6489","6489","6489"
"42750","1502","1502","1502","6490","6490","6490"
"42774","1474","1474","1474","6491","6491","6491"
"42799","1489","1475","1503","6492.5","6492","6493"
"42800","1503","1503","1503","6494","6494","6494"
"42803","1475","1475","1475","6495","6495","6495"
"42832","1476","1476","1476","6496","6496","6496"
"42849","1491","1477","1505","6497.5","6497","6498"
"42850","1505","1505","1505","6499","6499","6499"
"42861","1477","1477","1477","6500","6500","6500"
"42890","1478","1478","1478","6501","6501","6501"
"42899","1479","1479","1479","6503","6503","6503"
"42900","1507","1507","1507","6504","6504","6504"
"42919","1479","1479","1479","6505","6505","6505"
"42948","1480","1480","1480","6506","6506","6506"
"42949","1481","1481","1481","6508","6508","6508"
"42950","1509","1509","1509","6509","6509","6509"
"42977","1481","1481","1481","6510","6510","6510"
"42999","1496","1482","1510","6511.5","6511","6512"
"43000","1510","1510","1510","6513","6513","6513"
"43006","1482","1482","1482","6514","6514","6514"
"43035","1483","1483","1483","6515","6515","6515"
"43049","1498","1484","1512","6516.5","6516","6517"
"43050","1512","1512","1512","6518","6518","6518"
"43064","1484","1484","1484","6519","6519","6519"
"43093","1485","1485","1485","6520","6520","6520"
"43099","1486","1486","1486","6522","6522","6522"
"43100","1514","1514","1514","6523","6523","6523"
"43122","1486","1486","1486","6524","6524","6524"
"43149","1501","1487","1515","6525.5","6525","6526"
"43150","1515","1515","1515","6527","6527","6527"
"43151","1487","1487","1487","6528","6528","6528"
"43180","1488","1488","1488","6529","6529","6529"
"43199","1503","1489","1517","6530.5","6530","6531"
"43200","1517","1517","1517","6532","6532","6532"
"43209","1489","1489","1489","6533","6533","6533"
"43238","1490","1490","1490","6534","6534","6534"
"43249","1491","1491","1491","6536","6536","6536"
"43250","1519","1519","1519","6537","6537","6537"
"43267","1491","1491","1491","6538","6538","6538"
"43296","1492","1492","1492","6539","6539","6539"
"43299","1493","1493","1493","6541","6541","6541"
"43300","1521","1521","1521","6542","6542","6542"
"43325","1493","1493","1493","6543","6543","6543"
"43349","1508","1494","1522","6544.5","6544","6545"
"43350","1522","1522","1522","6546","6546","6546"
"43354","1494","1494","1494","6547","6547","6547"
"43383","1495","1495","1495","6548","6548","6548"
"43399","1510","1496","1524","6549.5","6549","6550"
"43400","1524","1524","1524","6551","6551","6551"
"43412","1496","1496","1496","6552","6552","6552"
"43441","1497","1497","1497","6553","6553","6553"
"43449","1498","1498","1498","6555","6555","6555"
"43450","1526","1526","1526","6556","6556","6556"
"43470","1498","1498","1498","6557","6557","6557"
"43499","1506","1499","1527","6621","6558","6684"
"43500","1549.358208955224","1527","1572","6619.9701492537315","6560","6681"
"43528","1500","1500","1500","6686","6686","6686"
"43549","1501","1501","1501","6688","6688","6688"
"43557","1501","1501","1501","6690","6690","6690"
"43586","1502","1502","1502","6691","6691","6691"
"43599","1539","1503","1575","6692.5","6692","6693"
"43615","1503","1503","1503","6695","6695","6695"
"43644","1504","1504","1504","6696","6696","6696"
"43649","1541","1505","1577","6697.5","6697","6698"
"43673","1505","1505","1505","6700","6700","6700"
"43699","1506","1506","1506","6702","6702","6702"
"43700","1580","1580","1580","6703","6703","6703"
"43702","1506","1506","1506","6704","6704","6704"
"43731","1507","1507","1507","6705","6705","6705"
"43749","1508","1508","1508","6707","6707","6707"
"43760","1508","1508","1508","6709","6709","6709"
"43789","1509","1509","1509","6710","6710","6710"
"43799","1546","1510","1582","6711.5","6711","6712"
"43818","1510","1510","1510","6714","6714","6714"
"43847","1511","1511","1511","6715","6715","6715"
"43849","1548","1512","1584","6716.5","6716","6717"
"43876","1512","1512","1512","6719","6719","6719"
"43899","1513","1513","1513","6721","6721","6721"
"43905","1513","1513","1513","6723","6723","6723"
"43934","1514","1514","1514","6724","6724","6724"
"43949","1551","1515","1587","6725.5","6725","6726"
"43963","1515","1515","1515","6728","6728","6728"
"43992","1516","1516","1516","6729","6729","6729"
"43999","1553","1517","1589","6730.5","6730","6731"
"44021","1517","1517","1517","6733","6733","6733"
"44049","1518","1518","1518","6735","6735","6735"
"44050","1555","1518","1592","6736.5","6736","6737"
"44079","1519","1519","1519","6738","6738","6738"
"44099","1520","1520","1520","6740","6740","6740"
"44108","1520","1520","1520","6742","6742","6742"
"44137","1521","1521","1521","6743","6743","6743"
"44149","1558","1522","1594","6744.5","6744","6745"
"44166","1522","1522","1522","6747","6747","6747"
"44195","1523","1523","1523","6748","6748","6748"
"44199","1560","1524","1596","6749.5","6749","6750"
"44224","1524","1524","1524","6752","6752","6752"
"44249","1525","1525","1525","6754","6754","6754"
"44253","1525","1525","1525","6756","6756","6756"
"44282","1526","1526","1526","6757","6757","6757"
"44299","1527","1527","1527","6759","6759","6759"
"44311","1527","1527","1527","6761","6761","6761"
"44340","1528","1528","1528","6762","6762","6762"
"44349","1529","1529","1529","6764","6764","6764"
"44369","1529","1529","1529","6766","6766","6766"
"44398","1530","1530","1530","6767","6767","6767"
"44399","1531","1531","1531","6769","6769","6769"
"44427","1531","1531","1531","6771","6771","6771"
"44449","1532","1532","1532","6773","6773","6773"
"44456","1532","1532","1532","6775","6775","6775"
"44485","1533","1533","1533","6776","6776","6776"
"44499","1534","1534","1534","6778","6778","6778"
"44514","1534","1534","1534","6780","6780","6780"
"44543","1535","1535","1535","6781","6781","6781"
"44549","1536","1536","1536","6783","6783","6783"
"44572","1536","1536","1536","6785","6785","6785"
"44599","1537","1537","1537","6787","6787","6787"
"44601","1537","1537","1537","6789","6789","6789"
"44630","1538","1538","1538","6790","6790","6790"
"44649","1539","1539","1539","6792","6792","6792"
"44659","1539","1539","1539","6794","6794","6794"
"44688","1540","1540","1540","6795","6795","6795"
"44699","1541","1541","1541","6797","6797","6797"
"44717","1541","1541","1541","6799","6799","6799"
"44746","1542","1542","1542","6800","6800","6800"
"44749","1543","1543","1543","6802","6802","6802"
"44775","1543","1543","1543","6804","6804","6804"
"44799","1544","1544","1544","6806","6806","6806"
"44804","1544","1544","1544","6808","6808","6808"
"44833","1545","1545","1545","6809","6809","6809"
"44849","1546","1546","1546","6811","6811","6811"
"44862","1546","1546","1546","6813","6813","6813"
"44891","1547","1547","1547","6814","6814","6814"
"44899","1548","1548","1548","6816","6816","6816"
"44920","1548","1548","1548","6818","6818","6818"
"44949","1549","1549","1549","6820.5","6820","6821"
"44978","1550","1550","1550","6823","6823","6823"
"44999","1551","1551","1551","6825","6825","6825"
"45007","1551","1551","1551","6827","6827","6827"
"45036","1552","1552","1552","6828","6828","6828"
"45049","1553","1553","1553","6830","6830","6830"
"45065","1553","1553","1553","6832","6832","6832"
"45094","1554","1554","1554","6833","6833","6833"
"45099","1555","1555","1555","6835","6835","6835"
"45123","1555","1555","1555","6837","6837","6837"
"45149","1556","1556","1556","6839","6839","6839"
"45152","1556","1556","1556","6841","6841","6841"
"45181","1557","1557","1557","6842","6842","6842"
"45199","1558","1558","1558","6844","6844","6844"
"45210","1558","1558","1558","6846","6846","6846"
"45239","1559","1559","1559","6847","6847","6847"
"45249","1560","1560","1560","6849","6849","6849"
"45268","1560","1560","1560","6851","6851","6851"
"45297","1561","1561","1561","6852","6852","6852"
"45299","1562","1562","1562","6854","6854","6854"
"45326","1562","1562","1562","6856","6856","6856"
"45349","1563","1563","1563","6858","6858","6858"
"45355","1563","1563","1563","6860","6860","6860"
"45384","1564","1564","1564","6861","6861","6861"
"45399","1565","1565","1565","6863","6863","6863"
"45413","1565","1565","1565","6865","6865","6865"
"45442","1566","1566","1566","6866","6866","6866"
"45449","1567","1567","1567","6868","6868","6868"
"45471","1567","1567","1567","6870","6870","6870"
"45499","1568","1568","1568","6872","6872","6872"
"45500","1568","1568","1568","6874","6874","6874"
"45529","1569","1569","1569","6875","6875","6875"
"45549","1570","1570","1570","6877","6877","6877"
"45558","1570","1570","1570","6879","6879","6879"
"45587","1571","1571","1571","6880","6880","6880"
"45599","1585.5","1572","1599","6881.5","6881","6882"
"45600","1600","1600","1600","6883","6883","6883"
"45616","1572","1572","1572","6884","6884","6884"
"45645","1573","1573","1573","6885","6885","6885"
"45649","1574","1574","1574","6887","6887","6887"
"45650","1602","1602","1602","6888","6888","6888"
"45674","1574","1574","1574","6889","6889","6889"
"45699","1589","1575","1603","6890.5","6890","6891"
"45700","1603","1603","1603","6892","6892","6892"
"45703","1575","1575","1575","6893","6893","6893"
"45732","1576","1576","1576","6894","6894","6894"
"45749","1591","1577","1605","6895.5","6895","6896"
"45750","1605","1605","1605","6897","6897","6897"
"45761","1577","1577","1577","6898","6898","6898"
"45790","1578","1578","1578","6899","6899","6899"
"45799","1579","1579","1579","6901","6901","6901"
"45800","1607","1607","1607","6902","6902","6902"
"45819","1579","1579","1579","6903","6903","6903"
"45848","1580","1580","1580","6904","6904","6904"
"45849","1581","1581","1581","6906","6906","6906"
"45850","1609","1609","1609","6907","6907","6907"
"45877","1581","1581","1581","6908","6908","6908"
"45899","1596","1582","1610","6909.5","6909","6910"
"45900","1610","1610","1610","6911","6911","6911"
"45906","1582","1582","1582","6912","6912","6912"
"45935","1583","1583","1583","6913","6913","6913"
"45949","1598","1584","1612","6914.5","6914","6915"
"45950","1612","1612","1612","6916","6916","6916"
"45964","1584","1584","1584","6917","6917","6917"
"45993","1585","1585","1585","6918","6918","6918"
"45999","1586","1586","1586","6920","6920","6920"
"46000","1614","1614","1614","6921","6921","6921"
"46022","1586","1586","1586","6922","6922","6922"
"46049","1601","1587","1615","6923.5","6923","6924"
"46050","1615","1615","1615","6925","6925","6925"
"46051","1587","1587","1587","6926","6926","6926"
"46080","1588","1588","1588","6927","6927","6927"
"46099","1603","1589","1617","6928.5","6928","6929"
"46100","1617","1617","1617","6930","6930","6930"
"46109","1589","1589","1589","6931","6931","6931"
"46138","1590","1590","1590","6932","6932","6932"
"46149","1591","1591","1591","6934","6934","6934"
"46150","1619","1619","1619","6935","6935","6935"
"46167","1591","1591","1591","6936","6936","6936"
"46196","1592","1592","1592","6937","6937","6937"
"46199","1593","1593","1593","6939","6939","6939"
"46200","1621","1621","1621","6940","6940","6940"
"46225","1593","1593","1593","6941","6941","6941"
"46249","1608","1594","1622","6942.5","6942","6943"
"46250","1622","1622","1622","6944","6944","6944"
"46254","1594","1594","1594","6945","6945","6945"
"46283","1595","1595","1595","6946","6946","6946"
"46299","1610","1596","1624","6947.5","6947","6948"
"46300","1624","1624","1624","6949","6949","6949"
"46312","1596","1596","1596","6950","6950","6950"
"46341","1597","1597","1597","6951","6951","6951"
"46349","1598","1598","1598","6953","6953","6953"
"46350","1626","1626","1626","6954","6954","6954"
"46370","1598","1598","1598","6955","6955","6955"
"46399","1606","1599","1627","7019","6956","7082"
"46400","1649.358208955224","1627","1672","7017.9701492537315","6958","7079"
"46428","1600","1600","1600","7084","7084","7084"
"46449","1601","1601","1601","7086","7086","7086"
"46457","1601","1601","1601","7088","7088","7088"
"46486","1602","1602","1602","7089","7089","7089"
"46499","1639","1603","1675","7090.5","7090","7091"
"46515","1603","1603","1603","7093","7093","7093"
"46544","1604","1604","1604","7094","7094","7094"
"46549","1641","1605","1677","7095.5","7095","7096"
"46573","1605","1605","1605","7098","7098","7098"
"46599","1606","1606","1606","7100","7100","7100"
"46600","1680","1680","1680","7101","7101","7101"
"46602","1606","1606","1606","7102","7102","7102"
"46631","1607","1607","1607","7103","7103","7103"
"46649","1608","1608","1608","7105","7105","7105"
"46660","1608","1608","1608","7107","7107","7107"
"46689","1609","1609","1609","7108","7108","7108"
"46699","1646","1610","1682","7109.5","7109","7110"
"46718","1610","1610","1610","7112","7112","7112"
"46747","1611","1611","1611","7113","7113","7113"
"46749","1648","1612","1684","7114.5","7114","7115"
"46776","1612","1612","1612","7117","7117","7117"
"46799","1613","1613","1613","7119","7119","7119"
"46805","1613","1613","1613","7121","7121","7121"
"46834","1614","1614","1614","7122","7122","7122"
"46849","1651","1615","1687","7123.5","7123","7124"
"46863","1615","1615","1615","7126","7126","7126"
"46892","1616","1616","1616","7127","7127","7127"
"46899","1653","1617","1689","7128.5","7128","7129"
"46921","1617","1617","1617","7131","7131","7131"
"46949","1618","1618","1618","7133","7133","7133"
"46950","1655","1618","1692","7134.5","7134","7135"
"46979","1619","1619","1619","7136","7136","7136"
"46999","1620","1620","1620","7138","7138","7138"
"47008","1620","1620","1620","7140","7140","7140"
"47037","1621","1621","1621","7141","7141","7141"
"47049","1658","1622","1694","7142.5","7142","7143"
"47066","1622","1622","1622","7145","7145","7145"
"47095","1623","1623","1623","7146","7146","7146"
"47099","1660","1624","1696","7147.5","7147","7148"
"47124","1624","1624","1624","7150","7150","7150"
"47149","1625","1625","1625","7152","7152","7152"
"47153","1625","1625","1625","7154","7154","7154"
"47182","1626","1626","1626","7155","7155","7155"
"47199","1627","1627","1627","7157","7157","7157"
"47211","1627","1627","1627","7159","7159","7159"
"47240","1628","1628","1628","7160","7160","7160"
"47249","1629","1629","1629","7162","7162","7162"
"47269","1629","1629","1629","7164","7164","7164"
"47298","1630","1630","1630","7165","7165","7165"
"47299","1631","1631","1631","7167","7167","7167"
"47327","1631","1631","1631","7169","7169","7169"
"47349","1632","1632","1632","7171","7171","7171"
"47356","1632","1632","1632","7173","7173","7173"
"47385","1633","1633","1633","7174","7174","7174"
"47399","1634","1634","1634","7176","7176","7176"
"47414","1634","1634","1634","7178","7178","7178"
"47443","1635","1635","1635","7179","7179","7179"
"47449","1636","1636","1636","7181","7181","7181"
"47472","1636","1636","1636","7183","7183","7183"
"47499","1637","1637","1637","7185","7185","7185"
"47501","1637","1637","1637","7187","7187","7187"
"47530","1638","1638","1638","7188","7188","7188"
"47549","1639","1639","1639","7190","7190","7190"
"47559","1639","1639","1639","7192","7192","7192"
"47588","1640","1640","1640","7193","7193","7193"
"47599","1641","1641","1641","7195","7195","7195"
"47617","1641","1641","1641","7197","7197","7197"
"47646","1642","1642","1642","7198","7198","7198"
"47649","1643","1643","1643","7200","7200","7200"
"47675","1643","1643","1643","7202","7202","7202"
"47699","1644","1644","1644","7204","7204","7204"
"47704","1644","1644","1644","7206","7206","7206"
"47733","1645","1645","1645","7207","7207","7207"
"47749","1646","1646","1646","7209","7209","7209"
"47762","1646","1646","1646","7211","7211","7211"
"47791","1647","1647","1647","7212","7212","7212"
"47799","1648","1648","1648","7214","7214","7214"
"47820","1648","1648","1648","7216","7216","7216"
"47849","1649","1649","1649","7218.5","7218","7219"
"47878","1650","1650","1650","7221","7221","7221"
"47899","1651","1651","1651","7223","7223","7223"
"47907","1651","1651","1651","7225","7225","7225"
"47936","1652","1652","1652","7226","7226","7226"
"47949","1653","1653","1653","7228","7228","7228"
"47965","1653","1653","1653","7230","7230","7230"
"47994","1654","1654","1654","7231","7231","7231"
"47999","1655","1655","1655","7233","7233","7233"
"48023","1655","1655","1655","7235","7235","7235"
"48049","1656","1656","1656","7237","7237","7237"
"48052","1656","1656","1656","7239","7239","7239"
"48081","1657","1657","1657","7240","7240","7240"
"48099","1658","1658","1658","7242","7242","7242"
"48110","1658","1658","1658","7244","7244","7244"
"48139","1659","1659","1659","7245","7245","7245"
"48149","1660","1660","1660","7247","7247","7247"
"48168","1660","1660","1660","7249","7249","7249"
"48197","1661","1661","1661","7250","7250","7250"
"48199","1662","1662","1662","7252","7252","7252"
"48226","1662","1662","1662","7254","7254","7254"
"48249","1663","1663","1663","7256","7256","7256"
"48255","1663","1663","1663","7258","7258","7258"
"48284","1664","1664","1664","7259","7259","7259"
"48299","1665","1665","1665","7261","7261","7261"
"48313","1665","1665","1665","7263","7263","7263"
"48342","1666","1666","1666","7264","7264","7264"
"48349","1667","1667","1667","7266","7266","7266"
"48371","1667","1667","1667","7268","7268","7268"
"48399","1668","1668","1668","7270","7270","7270"
"48400","1668","1668","1668","7272","7272","7272"
"48429","1669","1669","1669","7273","7273","7273"
"48449","1670","1670","1670","7275","7275","7275"
"48458","1670","1670","1670","7277","7277","7277"
"48487","1671","1671","1671","7278","7278","7278"
"48499","1685.5","1672","1699","7279.5","7279","7280"
"48500","1700","1700","1700","7281","7281","7281"
"48516","1672","1672","1672","7282","7282","7282"
"48545","1673","1673","1673","7283","7283","7283"
"48549","1674","1674","1674","7285","7285","7285"
"48550","1702","1702","1702","7286","7286","7286"
"48574","1674","1674","1674","7287","7287","7287"
"48599","1689","1675","1703","7288.5","7288","7289"
"48600","1703","1703","1703","7290","7290","7290"
"48603","1675","1675","1675","7291","7291","7291"
"48632","1676","1676","1676","7292","7292","7292"
"48649","1691","1677","1705","7293.5","7293","7294"
"48650","1705","1705","1705","7295","7295","7295"
"48661","1677","1677","1677","7296","7296","7296"
"48690","1678","1678","1678","7297","7297","7297"
"48699","1679","1679","1679","7299","7299","7299"
"48700","1707","1707","1707","7300","7300","7300"
"48719","1679","1679","1679","7301","7301","7301"
"48748","1680","1680","1680","7302","7302","7302"
"48749","1681","1681","1681","7304","7304","7304"
"48750","1709","1709","1709","7305","7305","7305"
"48777","1681","1681","1681","7306","7306","7306"
"48799","1696","1682","1710","7307.5","7307","7308"
"48800","1710","1710","1710","7309","7309","7309"
"48806","1682","1682","1682","7310","7310","7310"
"48835","1683","1683","1683","7311","7311","7311"
"48849","1698","1684","1712","7312.5","7312","7313"
"48850","1712","1712","1712","7314","7314","7314"
"48864","1684","1684","1684","7315","7315","7315"
"48893","1685","1685","1685","7316","7316","7316"
"48899","1686","1686","1686","7318","7318","7318"
"48900","1714","1714","1714","7319","7319","7319"
"48922","1686","1686","1686","7320","7320","7320"
"48949","1701","1687","1715","7321.5","7321","7322"
"48950","1715","1715","1715","7323","7323","7323"
"48951","1687","1687","1687","7324","7324","7324"
"48980","1688","1688","1688","7325","7325","7325"
"48999","1703","1689","1717","7326.5","7326","7327"
"49000","1717","1717","1717","7328","7328","7328"
"49009","1689","1689","1689","7329","7329","7329"
"49038","1690","1690","1690","7330","7330","7330"
"49049","1691","1691","1691","7332","7332","7332"
"49050","1719","1719","1719","7333","7333","7333"
"49067","1691","1691","1691","7334","7334","7334"
"49096","1692","1692","1692","7335","7335","7335"
"49099","1693","1693","1693","7337","7337","7337"
"49100","1721","1721","1721","7338","7338","7338"
"49125","1693","1693","1693","7339","7339","7339"
"49149","1708","1694","1722","7340.5","7340","7341"
"49150","1722","1722","1722","7342","7342","7342"
"49154","1694","1694","1694","7343","7343","7343"
"49183","1695","1695","1695","7344","7344","7344"
"49199","1710","1696","1724","7345.5","7345","7346"
"49200","1724","1724","1724","7347","7347","7347"
"49212","1696","1696","1696","7348","7348","7348"
"49241","1697","1697","1697","7349","7349","7349"
"49249","1698","1698","1698","7351","7351","7351"
"49250","1726","1726","1726","7352","7352","7352"
"49270","1698","1698","1698","7353","7353","7353"
"49299","1706","1699","1727","7417","7354","7480"
"49300","1749.358208955224","1727","1772","7415.9701492537315","7356","7477"
"49328","1700","1700","1700","7482","7482","7482"
"49349","1701","1701","1701","7484","7484","7484"
"49357","1701","1701","1701","7486","7486","7486"
"49386","1702","1702","1702","7487","7487","7487"
"49399","1739","1703","1775","7488.5","7488","7489"
"49415","1703","1703","1703","7491","7491","7491"
"49444","1704","1704","1704","7492","7492","7492"
"49449","1741","1705","1777","7493.5","7493","7494"
"49473","1705","1705","1705","7496","7496","7496"
"49499","1706","1706","1706","7498","7498","7498"
"49500","1780","1780","1780","7499","7499","7499"
"49502","1706","1706","1706","7500","7500","7500"
"49531","1707","1707","1707","7501","7501","7501"
"49549","1708","1708","1708","7503","7503","7503"
"49560","1708","1708","1708","7505","7505","7505"
"49589","1709","1709","1709","7506","7506","7506"
"49599","1710","1710","1710","7508","7508","7508"
"49618","1710","1710","1710","7510","7510","7510"
"49647","1711","1711","1711","7511","7511","7511"
"49649","1712","1712","1712","7513","7513","7513"
"49676","1712","1712","1712","7515","7515","7515"
"49699","1713","1713","1713","7517","7517","7517"
"49705","1713","1713","1713","7519","7519","7519"
"49734","1714","1714","1714","7520","7520","7520"
"49749","1715","1715","1715","7522","7522","7522"
"49763","1715","1715","1715","7524","7524","7524"
"49792","1716","1716","1716","7525","7525","7525"
"49799","1717","1717","1717","7527","7527","7527"
"49821","1717","1717","1717","7529","7529","7529"
"49849","1718","1718","1718","7531","7531","7531"
"49850","1718","1718","1718","7533","7533","7533"
"49879","1719","1719","1719","7534","7534","7534"
"49899","1720","1720","1720","7536","7536","7536"
"49908","1720","1720","1720","7538","7538","7538"
"49937","1721","1721","1721","7539","7539","7539"
"49949","1722","1722","1722","7541","7541","7541"
"49966","1722","1722","1722","7543","7543","7543"
"49995","1723","1723","1723","7544","7544","7544"
"49999","1724","1724","1724","7546","7546","7546"
"50024","1724","1724","1724","7548","7548","7548"
"50049","1725","1725","1725","7550","7550","7550"
"50053","1725","1725","1725","7552","7552","7552"
"50082","1726","1726","1726","7553","7553","7553"
"50099","1727","1727","1727","7555","7555","7555"
"50111","1727","1727","1727","7557","7557","7557"
"50140","1728","1728","1728","7558","7558","7558"
"50149","1729","1729","1729","7560","7560","7560"
"50169","1729","1729","1729","7562","7562","7562"
"50198","1730","1730","1730","7563","7563","7563"
"50199","1731","1731","1731","7565","7565","7565"
"50227","1731","1731","1731","7567","7567","7567"
"50249","1732","1732","1732","7569","7569","7569"
"50256","1732","1732","1732","7571","7571","7571"
"50285","1733","1733","1733","7572","7572","7572"
"50299","1734","1734","1734","7574","7574","7574"
"50314","1734","1734","1734","7576","7576","7576"
"50343","1735","1735","1735","7577","7577","7577"
"50349","1736","1736","1736","7579","7579","7579"
"50372","1736","1736","1736","7581","7581","7581"
"50399","1737","1737","1737","7583","7583","7583"
"50401","1737","1737","1737","7585","7585","7585"
"50430","1738","1738","1738","7586","7586","7586"
"50449","1739","1739","1739","7588","7588","7588"
"50459","1739","1739","1739","7590","7590","7590"
"50488","1740","1740","1740","7591","7591","7591"
"50499","1741","1741","1741","7593","7593","7593"
"50517","1741","1741","1741","7595","7595","7595"
"50546","1742","1742","1742","7596","7596","7596"
"50549","1743","1743","1743","7598","7598","7598"
"50575","1743","1743","1743","7600","7600","7600"
"50599","1744","1744","1744","7602","7602","7602"
"50604","1744","1744","1744","7604","7604","7604"
"50633","1745","1745","1745","7605","7605","7605"
"50649","1746","1746","1746","7607","7607","7607"
"50662","1746","1746","1746","7609","7609","7609"
"50691","1747","1747","1747","7610","7610","7610"
"50699","1748","1748","1748","7612","7612","7612"
"50720","1748","1748","1748","7614","7614","7614"
"50749","1749","1749","1749","7616.5","7616","7617"
"50778","1750","1750","1750","7619","7619","7619"
"50799","1751","1751","1751","7621","7621","7621"
"50807","1751","1751","1751","7623","7623","7623"
"50836","1752","1752","1752","7624","7624","7624"
"50849","1753","1753","1753","7626","7626","7626"
"50865","1753","1753","1753","7628","7628","7628"
"50894","1754","1754","1754","7629","7629","7629"
"50899","1755","1755","1755","7631","7631","7631"
"50923","1755","1755","1755","7633","7633","7633"
"50949","1756","1756","1756","7635","7635","7635"
"50952","1756","1756","1756","7637","7637","7637"
"50981","1757","1757","1757","7638","7638","7638"
"50999","1758","1758","1758","7640","7640","7640"
"51010","1758","1758","1758","7642","7642","7642"
"51039","1759","1759","1759","7643","7643","7643"
"51049","1760","1760","1760","7645","7645","7645"
"51068","1760","1760","1760","7647","7647","7647"
"51097","1761","1761","1761","7648","7648","7648"
"51099","1762","1762","1762","7650","7650","7650"
"51126","1762","1762","1762","7652","7652","7652"
"51149","1763","1763","1763","7654","7654","7654"
"51155","1763","1763","1763","7656","7656","7656"
"51184","1764","1764","1764","7657","7657","7657"
"51199","1765","1765","1765","7659","7659","7659"
"51213","1765","1765","1765","7661","7661","7661"
"51242","1766","1766","1766","7662","7662","7662"
"51249","1767","1767","1767","7664","7664","7664"
"51271","1767","1767","1767","7666","7666","7666"
"51299","1768","1768","1768","7668","7668","7668"
"51300","1768","1768","1768","7670","7670","7670"
"51329","1769","1769","1769","7671","7671","7671"
"51349","1770","1770","1770","7673","7673","7673"
"51358","1770","1770","1770","7675","7675","7675"